t,field,value,color,status,reason,raw
0.0,SPEED,0.0,AMBER,OK,below_reference,"{reference_kmh=24.0, age_s=0.0}"
0.0,POWER,0,NEUTRAL,OK,power_present,{age_s=0.0}
0.0,HR,WAIT,GRAY,NO_DATA,missing_hr,{}
0.0,CADENCE,0,GRAY,OK,coasting_or_stopped,{age_s=0.0}
0.0,GRADE,WAIT,GRAY,NO_DATA,missing_grade,{}
0.0,GEAR,WAIT,GRAY,NO_DATA,missing_gear,{}
1.0,SPEED,0.0,AMBER,OK,below_reference,"{reference_kmh=24.0, age_s=0.0}"
1.0,POWER,0,NEUTRAL,OK,power_present,{age_s=0.0}
1.0,HR,81,NEUTRAL,OK,hr_present,{age_s=0.0}
1.0,CADENCE,0,GRAY,OK,coasting_or_stopped,{age_s=0.0}
1.0,GRADE,WAIT,GRAY,NO_DATA,missing_grade,{}
1.0,GEAR,WAIT,GRAY,NO_DATA,missing_gear,{}
2.0,SPEED,0.0,AMBER,OK,below_reference,"{reference_kmh=24.0, age_s=0.0}"
2.0,POWER,0,NEUTRAL,OK,power_present,{age_s=0.0}
2.0,HR,82,NEUTRAL,OK,hr_present,{age_s=0.0}
2.0,CADENCE,0,GRAY,OK,coasting_or_stopped,{age_s=0.0}
2.0,GRADE,WAIT,GRAY,NO_DATA,missing_grade,{}
2.0,GEAR,WAIT,GRAY,NO_DATA,missing_gear,{}
3.0,SPEED,0.0,AMBER,OK,below_reference,"{reference_kmh=24.0, age_s=0.0}"
3.0,POWER,0,NEUTRAL,OK,power_present,{age_s=0.0}
3.0,HR,83,NEUTRAL,OK,hr_present,{age_s=0.0}
3.0,CADENCE,0,GRAY,OK,coasting_or_stopped,{age_s=0.0}
3.0,GRADE,WAIT,GRAY,NO_DATA,missing_grade,{}
3.0,GEAR,WAIT,GRAY,NO_DATA,missing_gear,{}
4.0,SPEED,0.0,AMBER,OK,below_reference,"{reference_kmh=24.0, age_s=0.0}"
4.0,POWER,0,NEUTRAL,OK,power_present,{age_s=0.0}
4.0,HR,84,NEUTRAL,OK,hr_present,{age_s=0.0}
4.0,CADENCE,0,GRAY,OK,coasting_or_stopped,{age_s=0.0}
4.0,GRADE,WAIT,GRAY,NO_DATA,missing_grade,{}
4.0,GEAR,WAIT,GRAY,NO_DATA,missing_gear,{}
5.0,SPEED,0.0,AMBER,OK,below_reference,"{reference_kmh=24.0, age_s=0.0}"
5.0,POWER,0,NEUTRAL,OK,power_present,{age_s=0.0}
5.0,HR,85,NEUTRAL,OK,hr_present,{age_s=0.0}
5.0,CADENCE,0,GRAY,OK,coasting_or_stopped,{age_s=0.0}
5.0,GRADE,WAIT,GRAY,NO_DATA,missing_grade,{}
5.0,GEAR,WAIT,GRAY,NO_DATA,missing_gear,{}
6.0,SPEED,0.0,AMBER,OK,below_reference,"{reference_kmh=24.0, age_s=0.0}"
6.0,POWER,0,NEUTRAL,OK,power_present,{age_s=0.0}
6.0,HR,86,NEUTRAL,OK,hr_present,{age_s=0.0}
6.0,CADENCE,0,GRAY,OK,coasting_or_stopped,{age_s=0.0}
6.0,GRADE,WAIT,GRAY,NO_DATA,missing_grade,{}
6.0,GEAR,WAIT,GRAY,NO_DATA,missing_gear,{}
7.0,SPEED,0.0,AMBER,OK,below_reference,"{reference_kmh=24.0, age_s=0.0}"
7.0,POWER,0,NEUTRAL,OK,power_present,{age_s=0.0}
7.0,HR,87,NEUTRAL,OK,hr_present,{age_s=0.0}
7.0,CADENCE,0,GRAY,OK,coasting_or_stopped,{age_s=0.0}
7.0,GRADE,WAIT,GRAY,NO_DATA,missing_grade,{}
7.0,GEAR,WAIT,GRAY,NO_DATA,missing_gear,{}
8.0,SPEED,0.0,AMBER,OK,below_reference,"{reference_kmh=24.0, age_s=0.0}"
8.0,POWER,0,NEUTRAL,OK,power_present,{age_s=0.0}
8.0,HR,88,NEUTRAL,OK,hr_present,{age_s=0.0}
8.0,CADENCE,0,GRAY,OK,coasting_or_stopped,{age_s=0.0}
8.0,GRADE,WAIT,GRAY,NO_DATA,missing_grade,{}
8.0,GEAR,WAIT,GRAY,NO_DATA,missing_gear,{}
9.0,SPEED,0.0,AMBER,OK,below_reference,"{reference_kmh=24.0, age_s=0.0}"
9.0,POWER,0,NEUTRAL,OK,power_present,{age_s=0.0}
9.0,HR,89,NEUTRAL,OK,hr_present,{age_s=0.0}
9.0,CADENCE,0,GRAY,OK,coasting_or_stopped,{age_s=0.0}
9.0,GRADE,WAIT,GRAY,NO_DATA,missing_grade,{}
9.0,GEAR,WAIT,GRAY,NO_DATA,missing_gear,{}
10.0,SPEED,0.0,AMBER,OK,below_reference,"{reference_kmh=24.0, age_s=0.0}"
10.0,POWER,0,NEUTRAL,OK,power_present,{age_s=0.0}
10.0,HR,90,NEUTRAL,OK,hr_present,{age_s=0.0}
10.0,CADENCE,0,GRAY,OK,coasting_or_stopped,{age_s=0.0}
10.0,GRADE,WAIT,GRAY,NO_DATA,missing_grade,{}
10.0,GEAR,WAIT,GRAY,NO_DATA,missing_gear,{}
11.0,SPEED,0.0,AMBER,OK,below_reference,"{reference_kmh=24.0, age_s=0.0}"
11.0,POWER,0,NEUTRAL,OK,power_present,{age_s=0.0}
11.0,HR,80,NEUTRAL,OK,hr_present,{age_s=0.0}
11.0,CADENCE,0,GRAY,OK,coasting_or_stopped,{age_s=0.0}
11.0,GRADE,WAIT,GRAY,NO_DATA,missing_grade,{}
11.0,GEAR,WAIT,GRAY,NO_DATA,missing_gear,{}
12.0,SPEED,0.0,AMBER,OK,below_reference,"{reference_kmh=24.0, age_s=0.0}"
12.0,POWER,0,NEUTRAL,OK,power_present,{age_s=0.0}
12.0,HR,81,NEUTRAL,OK,hr_present,{age_s=0.0}
12.0,CADENCE,0,GRAY,OK,coasting_or_stopped,{age_s=0.0}
12.0,GRADE,WAIT,GRAY,NO_DATA,missing_grade,{}
12.0,GEAR,WAIT,GRAY,NO_DATA,missing_gear,{}
13.0,SPEED,0.0,AMBER,OK,below_reference,"{reference_kmh=24.0, age_s=0.0}"
13.0,POWER,0,NEUTRAL,OK,power_present,{age_s=0.0}
13.0,HR,82,NEUTRAL,OK,hr_present,{age_s=0.0}
13.0,CADENCE,0,GRAY,OK,coasting_or_stopped,{age_s=0.0}
13.0,GRADE,WAIT,GRAY,NO_DATA,missing_grade,{}
13.0,GEAR,WAIT,GRAY,NO_DATA,missing_gear,{}
14.0,SPEED,0.0,AMBER,OK,below_reference,"{reference_kmh=24.0, age_s=0.0}"
14.0,POWER,0,NEUTRAL,OK,power_present,{age_s=0.0}
14.0,HR,83,NEUTRAL,OK,hr_present,{age_s=0.0}
14.0,CADENCE,0,GRAY,OK,coasting_or_stopped,{age_s=0.0}
14.0,GRADE,WAIT,GRAY,NO_DATA,missing_grade,{}
14.0,GEAR,WAIT,GRAY,NO_DATA,missing_gear,{}
15.0,SPEED,0.0,AMBER,OK,below_reference,"{reference_kmh=24.0, age_s=0.0}"
15.0,POWER,0,NEUTRAL,OK,power_present,{age_s=0.0}
15.0,HR,83,NEUTRAL,OK,hr_present,{age_s=1.0}
15.0,CADENCE,0,GRAY,OK,coasting_or_stopped,{age_s=0.0}
15.0,GRADE,WAIT,GRAY,NO_DATA,missing_grade,{}
15.0,GEAR,WAIT,GRAY,NO_DATA,missing_gear,{}
16.0,SPEED,0.0,AMBER,OK,below_reference,"{reference_kmh=24.0, age_s=0.0}"
16.0,POWER,0,NEUTRAL,OK,power_present,{age_s=0.0}
16.0,HR,85,NEUTRAL,OK,hr_present,{age_s=0.0}
16.0,CADENCE,0,GRAY,OK,coasting_or_stopped,{age_s=0.0}
16.0,GRADE,WAIT,GRAY,NO_DATA,missing_grade,{}
16.0,GEAR,WAIT,GRAY,NO_DATA,missing_gear,{}
17.0,SPEED,0.0,AMBER,OK,below_reference,"{reference_kmh=24.0, age_s=0.0}"
17.0,POWER,0,NEUTRAL,OK,power_present,{age_s=0.0}
17.0,HR,86,NEUTRAL,OK,hr_present,{age_s=0.0}
17.0,CADENCE,0,GRAY,OK,coasting_or_stopped,{age_s=0.0}
17.0,GRADE,WAIT,GRAY,NO_DATA,missing_grade,{}
17.0,GEAR,WAIT,GRAY,NO_DATA,missing_gear,{}
18.0,SPEED,0.0,AMBER,OK,below_reference,"{reference_kmh=24.0, age_s=0.0}"
18.0,POWER,0,NEUTRAL,OK,power_present,{age_s=0.0}
18.0,HR,87,NEUTRAL,OK,hr_present,{age_s=0.0}
18.0,CADENCE,0,GRAY,OK,coasting_or_stopped,{age_s=0.0}
18.0,GRADE,WAIT,GRAY,NO_DATA,missing_grade,{}
18.0,GEAR,WAIT,GRAY,NO_DATA,missing_gear,{}
19.0,SPEED,0.0,AMBER,OK,below_reference,"{reference_kmh=24.0, age_s=0.0}"
19.0,POWER,0,NEUTRAL,OK,power_present,{age_s=0.0}
19.0,HR,88,NEUTRAL,OK,hr_present,{age_s=0.0}
19.0,CADENCE,0,GRAY,OK,coasting_or_stopped,{age_s=0.0}
19.0,GRADE,WAIT,GRAY,NO_DATA,missing_grade,{}
19.0,GEAR,WAIT,GRAY,NO_DATA,missing_gear,{}
20.0,SPEED,0.0,AMBER,OK,below_reference,"{reference_kmh=24.0, age_s=0.0}"
20.0,POWER,0,NEUTRAL,OK,power_present,{age_s=0.0}
20.0,HR,89,NEUTRAL,OK,hr_present,{age_s=0.0}
20.0,CADENCE,0,GRAY,OK,coasting_or_stopped,{age_s=0.0}
20.0,GRADE,WAIT,GRAY,NO_DATA,missing_grade,{}
20.0,GEAR,WAIT,GRAY,NO_DATA,missing_gear,{}
21.0,SPEED,0.0,AMBER,OK,below_reference,"{reference_kmh=24.0, age_s=0.0}"
21.0,POWER,0,NEUTRAL,OK,power_present,{age_s=0.0}
21.0,HR,90,NEUTRAL,OK,hr_present,{age_s=0.0}
21.0,CADENCE,0,GRAY,OK,coasting_or_stopped,{age_s=0.0}
21.0,GRADE,WAIT,GRAY,NO_DATA,missing_grade,{}
21.0,GEAR,WAIT,GRAY,NO_DATA,missing_gear,{}
22.0,SPEED,0.0,AMBER,OK,below_reference,"{reference_kmh=24.0, age_s=0.0}"
22.0,POWER,0,NEUTRAL,OK,power_present,{age_s=0.0}
22.0,HR,80,NEUTRAL,OK,hr_present,{age_s=0.0}
22.0,CADENCE,0,GRAY,OK,coasting_or_stopped,{age_s=0.0}
22.0,GRADE,WAIT,GRAY,NO_DATA,missing_grade,{}
22.0,GEAR,WAIT,GRAY,NO_DATA,missing_gear,{}
23.0,SPEED,0.0,AMBER,OK,below_reference,"{reference_kmh=24.0, age_s=0.0}"
23.0,POWER,0,NEUTRAL,OK,power_present,{age_s=0.0}
23.0,HR,81,NEUTRAL,OK,hr_present,{age_s=0.0}
23.0,CADENCE,0,GRAY,OK,coasting_or_stopped,{age_s=0.0}
23.0,GRADE,WAIT,GRAY,NO_DATA,missing_grade,{}
23.0,GEAR,WAIT,GRAY,NO_DATA,missing_gear,{}
24.0,SPEED,0.0,AMBER,OK,below_reference,"{reference_kmh=24.0, age_s=0.0}"
24.0,POWER,0,NEUTRAL,OK,power_present,{age_s=0.0}
24.0,HR,82,NEUTRAL,OK,hr_present,{age_s=0.0}
24.0,CADENCE,0,GRAY,OK,coasting_or_stopped,{age_s=0.0}
24.0,GRADE,WAIT,GRAY,NO_DATA,missing_grade,{}
24.0,GEAR,WAIT,GRAY,NO_DATA,missing_gear,{}
25.0,SPEED,0.0,AMBER,OK,below_reference,"{reference_kmh=24.0, age_s=0.0}"
25.0,POWER,0,NEUTRAL,OK,power_present,{age_s=0.0}
25.0,HR,83,NEUTRAL,OK,hr_present,{age_s=0.0}
25.0,CADENCE,0,GRAY,OK,coasting_or_stopped,{age_s=0.0}
25.0,GRADE,WAIT,GRAY,NO_DATA,missing_grade,{}
25.0,GEAR,WAIT,GRAY,NO_DATA,missing_gear,{}
26.0,SPEED,0.0,AMBER,OK,below_reference,"{reference_kmh=24.0, age_s=0.0}"
26.0,POWER,0,NEUTRAL,OK,power_present,{age_s=0.0}
26.0,HR,84,NEUTRAL,OK,hr_present,{age_s=0.0}
26.0,CADENCE,0,GRAY,OK,coasting_or_stopped,{age_s=0.0}
26.0,GRADE,WAIT,GRAY,NO_DATA,missing_grade,{}
26.0,GEAR,WAIT,GRAY,NO_DATA,missing_gear,{}
27.0,SPEED,0.0,AMBER,OK,below_reference,"{reference_kmh=24.0, age_s=0.0}"
27.0,POWER,0,NEUTRAL,OK,power_present,{age_s=0.0}
27.0,HR,85,NEUTRAL,OK,hr_present,{age_s=0.0}
27.0,CADENCE,0,GRAY,OK,coasting_or_stopped,{age_s=0.0}
27.0,GRADE,WAIT,GRAY,NO_DATA,missing_grade,{}
27.0,GEAR,WAIT,GRAY,NO_DATA,missing_gear,{}
28.0,SPEED,0.0,AMBER,OK,below_reference,"{reference_kmh=24.0, age_s=0.0}"
28.0,POWER,0,NEUTRAL,OK,power_present,{age_s=0.0}
28.0,HR,86,NEUTRAL,OK,hr_present,{age_s=0.0}
28.0,CADENCE,0,GRAY,OK,coasting_or_stopped,{age_s=0.0}
28.0,GRADE,WAIT,GRAY,NO_DATA,missing_grade,{}
28.0,GEAR,WAIT,GRAY,NO_DATA,missing_gear,{}
29.0,SPEED,0.0,AMBER,OK,below_reference,"{reference_kmh=24.0, age_s=0.0}"
29.0,POWER,0,NEUTRAL,OK,power_present,{age_s=0.0}
29.0,HR,87,NEUTRAL,OK,hr_present,{age_s=0.0}
29.0,CADENCE,0,GRAY,OK,coasting_or_stopped,{age_s=0.0}
29.0,GRADE,WAIT,GRAY,NO_DATA,missing_grade,{}
29.0,GEAR,WAIT,GRAY,NO_DATA,missing_gear,{}
30.0,SPEED,0.0,AMBER,OK,below_reference,"{reference_kmh=24.0, age_s=0.0}"
30.0,POWER,0,NEUTRAL,OK,power_present,{age_s=0.0}
30.0,HR,87,NEUTRAL,OK,hr_present,{age_s=1.0}
30.0,CADENCE,0,GRAY,OK,coasting_or_stopped,{age_s=0.0}
30.0,GRADE,WAIT,GRAY,NO_DATA,missing_grade,{}
30.0,GEAR,WAIT,GRAY,NO_DATA,missing_gear,{}
31.0,SPEED,0.0,AMBER,OK,below_reference,"{reference_kmh=24.0, age_s=0.0}"
31.0,POWER,0,NEUTRAL,OK,power_present,{age_s=0.0}
31.0,HR,89,NEUTRAL,OK,hr_present,{age_s=0.0}
31.0,CADENCE,0,GRAY,OK,coasting_or_stopped,{age_s=0.0}
31.0,GRADE,WAIT,GRAY,NO_DATA,missing_grade,{}
31.0,GEAR,WAIT,GRAY,NO_DATA,missing_gear,{}
32.0,SPEED,0.0,AMBER,OK,below_reference,"{reference_kmh=24.0, age_s=0.0}"
32.0,POWER,0,NEUTRAL,OK,power_present,{age_s=0.0}
32.0,HR,90,NEUTRAL,OK,hr_present,{age_s=0.0}
32.0,CADENCE,0,GRAY,OK,coasting_or_stopped,{age_s=0.0}
32.0,GRADE,WAIT,GRAY,NO_DATA,missing_grade,{}
32.0,GEAR,WAIT,GRAY,NO_DATA,missing_gear,{}
33.0,SPEED,0.0,AMBER,OK,below_reference,"{reference_kmh=24.0, age_s=0.0}"
33.0,POWER,0,NEUTRAL,OK,power_present,{age_s=0.0}
33.0,HR,80,NEUTRAL,OK,hr_present,{age_s=0.0}
33.0,CADENCE,0,GRAY,OK,coasting_or_stopped,{age_s=0.0}
33.0,GRADE,WAIT,GRAY,NO_DATA,missing_grade,{}
33.0,GEAR,WAIT,GRAY,NO_DATA,missing_gear,{}
34.0,SPEED,0.0,AMBER,OK,below_reference,"{reference_kmh=24.0, age_s=0.0}"
34.0,POWER,0,NEUTRAL,OK,power_present,{age_s=0.0}
34.0,HR,81,NEUTRAL,OK,hr_present,{age_s=0.0}
34.0,CADENCE,0,GRAY,OK,coasting_or_stopped,{age_s=0.0}
34.0,GRADE,WAIT,GRAY,NO_DATA,missing_grade,{}
34.0,GEAR,WAIT,GRAY,NO_DATA,missing_gear,{}
35.0,SPEED,0.0,AMBER,OK,below_reference,"{reference_kmh=24.0, age_s=0.0}"
35.0,POWER,0,NEUTRAL,OK,power_present,{age_s=0.0}
35.0,HR,82,NEUTRAL,OK,hr_present,{age_s=0.0}
35.0,CADENCE,0,GRAY,OK,coasting_or_stopped,{age_s=0.0}
35.0,GRADE,WAIT,GRAY,NO_DATA,missing_grade,{}
35.0,GEAR,WAIT,GRAY,NO_DATA,missing_gear,{}
36.0,SPEED,0.0,AMBER,OK,below_reference,"{reference_kmh=24.0, age_s=0.0}"
36.0,POWER,0,NEUTRAL,OK,power_present,{age_s=0.0}
36.0,HR,83,NEUTRAL,OK,hr_present,{age_s=0.0}
36.0,CADENCE,0,GRAY,OK,coasting_or_stopped,{age_s=0.0}
36.0,GRADE,WAIT,GRAY,NO_DATA,missing_grade,{}
36.0,GEAR,WAIT,GRAY,NO_DATA,missing_gear,{}
37.0,SPEED,0.0,AMBER,OK,below_reference,"{reference_kmh=24.0, age_s=0.0}"
37.0,POWER,0,NEUTRAL,OK,power_present,{age_s=0.0}
37.0,HR,84,NEUTRAL,OK,hr_present,{age_s=0.0}
37.0,CADENCE,0,GRAY,OK,coasting_or_stopped,{age_s=0.0}
37.0,GRADE,WAIT,GRAY,NO_DATA,missing_grade,{}
37.0,GEAR,WAIT,GRAY,NO_DATA,missing_gear,{}
38.0,SPEED,0.0,AMBER,OK,below_reference,"{reference_kmh=24.0, age_s=0.0}"
38.0,POWER,0,NEUTRAL,OK,power_present,{age_s=0.0}
38.0,HR,85,NEUTRAL,OK,hr_present,{age_s=0.0}
38.0,CADENCE,0,GRAY,OK,coasting_or_stopped,{age_s=0.0}
38.0,GRADE,WAIT,GRAY,NO_DATA,missing_grade,{}
38.0,GEAR,WAIT,GRAY,NO_DATA,missing_gear,{}
39.0,SPEED,0.0,AMBER,OK,below_reference,"{reference_kmh=24.0, age_s=0.0}"
39.0,POWER,0,NEUTRAL,OK,power_present,{age_s=0.0}
39.0,HR,86,NEUTRAL,OK,hr_present,{age_s=0.0}
39.0,CADENCE,0,GRAY,OK,coasting_or_stopped,{age_s=0.0}
39.0,GRADE,WAIT,GRAY,NO_DATA,missing_grade,{}
39.0,GEAR,WAIT,GRAY,NO_DATA,missing_gear,{}
40.0,SPEED,0.0,AMBER,OK,below_reference,"{reference_kmh=24.0, age_s=0.0}"
40.0,POWER,0,NEUTRAL,OK,power_present,{age_s=0.0}
40.0,HR,87,NEUTRAL,OK,hr_present,{age_s=0.0}
40.0,CADENCE,0,GRAY,OK,coasting_or_stopped,{age_s=0.0}
40.0,GRADE,WAIT,GRAY,NO_DATA,missing_grade,{}
40.0,GEAR,WAIT,GRAY,NO_DATA,missing_gear,{}
41.0,SPEED,0.0,AMBER,OK,below_reference,"{reference_kmh=24.0, age_s=0.0}"
41.0,POWER,0,NEUTRAL,OK,power_present,{age_s=0.0}
41.0,HR,88,NEUTRAL,OK,hr_present,{age_s=0.0}
41.0,CADENCE,0,GRAY,OK,coasting_or_stopped,{age_s=0.0}
41.0,GRADE,WAIT,GRAY,NO_DATA,missing_grade,{}
41.0,GEAR,WAIT,GRAY,NO_DATA,missing_gear,{}
42.0,SPEED,0.0,AMBER,OK,below_reference,"{reference_kmh=24.0, age_s=0.0}"
42.0,POWER,0,NEUTRAL,OK,power_present,{age_s=0.0}
42.0,HR,89,NEUTRAL,OK,hr_present,{age_s=0.0}
42.0,CADENCE,0,GRAY,OK,coasting_or_stopped,{age_s=0.0}
42.0,GRADE,WAIT,GRAY,NO_DATA,missing_grade,{}
42.0,GEAR,WAIT,GRAY,NO_DATA,missing_gear,{}
43.0,SPEED,0.0,AMBER,OK,below_reference,"{reference_kmh=24.0, age_s=0.0}"
43.0,POWER,0,NEUTRAL,OK,power_present,{age_s=0.0}
43.0,HR,90,NEUTRAL,OK,hr_present,{age_s=0.0}
43.0,CADENCE,0,GRAY,OK,coasting_or_stopped,{age_s=0.0}
43.0,GRADE,WAIT,GRAY,NO_DATA,missing_grade,{}
43.0,GEAR,WAIT,GRAY,NO_DATA,missing_gear,{}
44.0,SPEED,0.0,AMBER,OK,below_reference,"{reference_kmh=24.0, age_s=0.0}"
44.0,POWER,0,NEUTRAL,OK,power_present,{age_s=0.0}
44.0,HR,80,NEUTRAL,OK,hr_present,{age_s=0.0}
44.0,CADENCE,0,GRAY,OK,coasting_or_stopped,{age_s=0.0}
44.0,GRADE,WAIT,GRAY,NO_DATA,missing_grade,{}
44.0,GEAR,WAIT,GRAY,NO_DATA,missing_gear,{}
45.0,SPEED,0.0,AMBER,OK,below_reference,"{reference_kmh=24.0, age_s=0.0}"
45.0,POWER,0,NEUTRAL,OK,power_present,{age_s=0.0}
45.0,HR,80,NEUTRAL,OK,hr_present,{age_s=1.0}
45.0,CADENCE,0,GRAY,OK,coasting_or_stopped,{age_s=0.0}
45.0,GRADE,WAIT,GRAY,NO_DATA,missing_grade,{}
45.0,GEAR,WAIT,GRAY,NO_DATA,missing_gear,{}
46.0,SPEED,0.0,AMBER,OK,below_reference,"{reference_kmh=24.0, age_s=0.0}"
46.0,POWER,0,NEUTRAL,OK,power_present,{age_s=0.0}
46.0,HR,82,NEUTRAL,OK,hr_present,{age_s=0.0}
46.0,CADENCE,0,GRAY,OK,coasting_or_stopped,{age_s=0.0}
46.0,GRADE,WAIT,GRAY,NO_DATA,missing_grade,{}
46.0,GEAR,WAIT,GRAY,NO_DATA,missing_gear,{}
47.0,SPEED,0.0,AMBER,OK,below_reference,"{reference_kmh=24.0, age_s=0.0}"
47.0,POWER,0,NEUTRAL,OK,power_present,{age_s=0.0}
47.0,HR,83,NEUTRAL,OK,hr_present,{age_s=0.0}
47.0,CADENCE,0,GRAY,OK,coasting_or_stopped,{age_s=0.0}
47.0,GRADE,WAIT,GRAY,NO_DATA,missing_grade,{}
47.0,GEAR,WAIT,GRAY,NO_DATA,missing_gear,{}
48.0,SPEED,0.0,AMBER,OK,below_reference,"{reference_kmh=24.0, age_s=0.0}"
48.0,POWER,0,NEUTRAL,OK,power_present,{age_s=0.0}
48.0,HR,84,NEUTRAL,OK,hr_present,{age_s=0.0}
48.0,CADENCE,0,GRAY,OK,coasting_or_stopped,{age_s=0.0}
48.0,GRADE,WAIT,GRAY,NO_DATA,missing_grade,{}
48.0,GEAR,WAIT,GRAY,NO_DATA,missing_gear,{}
49.0,SPEED,0.0,AMBER,OK,below_reference,"{reference_kmh=24.0, age_s=0.0}"
49.0,POWER,0,NEUTRAL,OK,power_present,{age_s=0.0}
49.0,HR,85,NEUTRAL,OK,hr_present,{age_s=0.0}
49.0,CADENCE,0,GRAY,OK,coasting_or_stopped,{age_s=0.0}
49.0,GRADE,WAIT,GRAY,NO_DATA,missing_grade,{}
49.0,GEAR,WAIT,GRAY,NO_DATA,missing_gear,{}
50.0,SPEED,0.0,AMBER,OK,below_reference,"{reference_kmh=24.0, age_s=0.0}"
50.0,POWER,0,NEUTRAL,OK,power_present,{age_s=0.0}
50.0,HR,86,NEUTRAL,OK,hr_present,{age_s=0.0}
50.0,CADENCE,0,GRAY,OK,coasting_or_stopped,{age_s=0.0}
50.0,GRADE,WAIT,GRAY,NO_DATA,missing_grade,{}
50.0,GEAR,WAIT,GRAY,NO_DATA,missing_gear,{}
51.0,SPEED,0.0,AMBER,OK,below_reference,"{reference_kmh=24.0, age_s=0.0}"
51.0,POWER,0,NEUTRAL,OK,power_present,{age_s=0.0}
51.0,HR,87,NEUTRAL,OK,hr_present,{age_s=0.0}
51.0,CADENCE,0,GRAY,OK,coasting_or_stopped,{age_s=0.0}
51.0,GRADE,WAIT,GRAY,NO_DATA,missing_grade,{}
51.0,GEAR,WAIT,GRAY,NO_DATA,missing_gear,{}
52.0,SPEED,0.0,AMBER,OK,below_reference,"{reference_kmh=24.0, age_s=0.0}"
52.0,POWER,0,NEUTRAL,OK,power_present,{age_s=0.0}
52.0,HR,88,NEUTRAL,OK,hr_present,{age_s=0.0}
52.0,CADENCE,0,GRAY,OK,coasting_or_stopped,{age_s=0.0}
52.0,GRADE,WAIT,GRAY,NO_DATA,missing_grade,{}
52.0,GEAR,WAIT,GRAY,NO_DATA,missing_gear,{}
53.0,SPEED,0.0,AMBER,OK,below_reference,"{reference_kmh=24.0, age_s=0.0}"
53.0,POWER,0,NEUTRAL,OK,power_present,{age_s=0.0}
53.0,HR,89,NEUTRAL,OK,hr_present,{age_s=0.0}
53.0,CADENCE,0,GRAY,OK,coasting_or_stopped,{age_s=0.0}
53.0,GRADE,WAIT,GRAY,NO_DATA,missing_grade,{}
53.0,GEAR,WAIT,GRAY,NO_DATA,missing_gear,{}
54.0,SPEED,0.0,AMBER,OK,below_reference,"{reference_kmh=24.0, age_s=0.0}"
54.0,POWER,0,NEUTRAL,OK,power_present,{age_s=0.0}
54.0,HR,90,NEUTRAL,OK,hr_present,{age_s=0.0}
54.0,CADENCE,0,GRAY,OK,coasting_or_stopped,{age_s=0.0}
54.0,GRADE,WAIT,GRAY,NO_DATA,missing_grade,{}
54.0,GEAR,WAIT,GRAY,NO_DATA,missing_gear,{}
55.0,SPEED,0.0,AMBER,OK,below_reference,"{reference_kmh=24.0, age_s=0.0}"
55.0,POWER,0,NEUTRAL,OK,power_present,{age_s=0.0}
55.0,HR,80,NEUTRAL,OK,hr_present,{age_s=0.0}
55.0,CADENCE,0,GRAY,OK,coasting_or_stopped,{age_s=0.0}
55.0,GRADE,WAIT,GRAY,NO_DATA,missing_grade,{}
55.0,GEAR,WAIT,GRAY,NO_DATA,missing_gear,{}
56.0,SPEED,0.0,AMBER,OK,below_reference,"{reference_kmh=24.0, age_s=0.0}"
56.0,POWER,0,NEUTRAL,OK,power_present,{age_s=0.0}
56.0,HR,81,NEUTRAL,OK,hr_present,{age_s=0.0}
56.0,CADENCE,0,GRAY,OK,coasting_or_stopped,{age_s=0.0}
56.0,GRADE,WAIT,GRAY,NO_DATA,missing_grade,{}
56.0,GEAR,WAIT,GRAY,NO_DATA,missing_gear,{}
57.0,SPEED,0.0,AMBER,OK,below_reference,"{reference_kmh=24.0, age_s=0.0}"
57.0,POWER,0,NEUTRAL,OK,power_present,{age_s=0.0}
57.0,HR,82,NEUTRAL,OK,hr_present,{age_s=0.0}
57.0,CADENCE,0,GRAY,OK,coasting_or_stopped,{age_s=0.0}
57.0,GRADE,WAIT,GRAY,NO_DATA,missing_grade,{}
57.0,GEAR,WAIT,GRAY,NO_DATA,missing_gear,{}
58.0,SPEED,0.0,AMBER,OK,below_reference,"{reference_kmh=24.0, age_s=0.0}"
58.0,POWER,0,NEUTRAL,OK,power_present,{age_s=0.0}
58.0,HR,83,NEUTRAL,OK,hr_present,{age_s=0.0}
58.0,CADENCE,0,GRAY,OK,coasting_or_stopped,{age_s=0.0}
58.0,GRADE,WAIT,GRAY,NO_DATA,missing_grade,{}
58.0,GEAR,WAIT,GRAY,NO_DATA,missing_gear,{}
59.0,SPEED,0.0,AMBER,OK,below_reference,"{reference_kmh=24.0, age_s=0.0}"
59.0,POWER,0,NEUTRAL,OK,power_present,{age_s=0.0}
59.0,HR,84,NEUTRAL,OK,hr_present,{age_s=0.0}
59.0,CADENCE,0,GRAY,OK,coasting_or_stopped,{age_s=0.0}
59.0,GRADE,WAIT,GRAY,NO_DATA,missing_grade,{}
59.0,GEAR,WAIT,GRAY,NO_DATA,missing_gear,{}
60.0,SPEED,0.0,AMBER,OK,below_reference,"{reference_kmh=24.0, age_s=0.0}"
60.0,POWER,0,NEUTRAL,OK,power_present,{age_s=0.0}
60.0,HR,84,NEUTRAL,OK,hr_present,{age_s=1.0}
60.0,CADENCE,0,GRAY,OK,coasting_or_stopped,{age_s=0.0}
60.0,GRADE,WAIT,GRAY,NO_DATA,missing_grade,{}
60.0,GEAR,WAIT,GRAY,NO_DATA,missing_gear,{}
61.0,SPEED,0.0,AMBER,OK,below_reference,"{reference_kmh=24.0, age_s=0.0}"
61.0,POWER,0,NEUTRAL,OK,power_present,{age_s=0.0}
61.0,HR,86,NEUTRAL,OK,hr_present,{age_s=0.0}
61.0,CADENCE,0,GRAY,OK,coasting_or_stopped,{age_s=0.0}
61.0,GRADE,WAIT,GRAY,NO_DATA,missing_grade,{}
61.0,GEAR,WAIT,GRAY,NO_DATA,missing_gear,{}
62.0,SPEED,0.0,AMBER,OK,below_reference,"{reference_kmh=24.0, age_s=0.0}"
62.0,POWER,0,NEUTRAL,OK,power_present,{age_s=0.0}
62.0,HR,87,NEUTRAL,OK,hr_present,{age_s=0.0}
62.0,CADENCE,0,GRAY,OK,coasting_or_stopped,{age_s=0.0}
62.0,GRADE,WAIT,GRAY,NO_DATA,missing_grade,{}
62.0,GEAR,WAIT,GRAY,NO_DATA,missing_gear,{}
63.0,SPEED,0.0,AMBER,OK,below_reference,"{reference_kmh=24.0, age_s=0.0}"
63.0,POWER,0,NEUTRAL,OK,power_present,{age_s=0.0}
63.0,HR,88,NEUTRAL,OK,hr_present,{age_s=0.0}
63.0,CADENCE,0,GRAY,OK,coasting_or_stopped,{age_s=0.0}
63.0,GRADE,WAIT,GRAY,NO_DATA,missing_grade,{}
63.0,GEAR,WAIT,GRAY,NO_DATA,missing_gear,{}
64.0,SPEED,0.0,AMBER,OK,below_reference,"{reference_kmh=24.0, age_s=0.0}"
64.0,POWER,0,NEUTRAL,OK,power_present,{age_s=0.0}
64.0,HR,89,NEUTRAL,OK,hr_present,{age_s=0.0}
64.0,CADENCE,0,GRAY,OK,coasting_or_stopped,{age_s=0.0}
64.0,GRADE,WAIT,GRAY,NO_DATA,missing_grade,{}
64.0,GEAR,WAIT,GRAY,NO_DATA,missing_gear,{}
65.0,SPEED,0.0,AMBER,OK,below_reference,"{reference_kmh=24.0, age_s=0.0}"
65.0,POWER,0,NEUTRAL,OK,power_present,{age_s=0.0}
65.0,HR,90,NEUTRAL,OK,hr_present,{age_s=0.0}
65.0,CADENCE,0,GRAY,OK,coasting_or_stopped,{age_s=0.0}
65.0,GRADE,WAIT,GRAY,NO_DATA,missing_grade,{}
65.0,GEAR,WAIT,GRAY,NO_DATA,missing_gear,{}
66.0,SPEED,0.0,AMBER,OK,below_reference,"{reference_kmh=24.0, age_s=0.0}"
66.0,POWER,0,NEUTRAL,OK,power_present,{age_s=0.0}
66.0,HR,80,NEUTRAL,OK,hr_present,{age_s=0.0}
66.0,CADENCE,0,GRAY,OK,coasting_or_stopped,{age_s=0.0}
66.0,GRADE,WAIT,GRAY,NO_DATA,missing_grade,{}
66.0,GEAR,WAIT,GRAY,NO_DATA,missing_gear,{}
67.0,SPEED,0.0,AMBER,OK,below_reference,"{reference_kmh=24.0, age_s=0.0}"
67.0,POWER,0,NEUTRAL,OK,power_present,{age_s=0.0}
67.0,HR,81,NEUTRAL,OK,hr_present,{age_s=0.0}
67.0,CADENCE,0,GRAY,OK,coasting_or_stopped,{age_s=0.0}
67.0,GRADE,WAIT,GRAY,NO_DATA,missing_grade,{}
67.0,GEAR,WAIT,GRAY,NO_DATA,missing_gear,{}
68.0,SPEED,0.0,AMBER,OK,below_reference,"{reference_kmh=24.0, age_s=0.0}"
68.0,POWER,0,NEUTRAL,OK,power_present,{age_s=0.0}
68.0,HR,82,NEUTRAL,OK,hr_present,{age_s=0.0}
68.0,CADENCE,0,GRAY,OK,coasting_or_stopped,{age_s=0.0}
68.0,GRADE,WAIT,GRAY,NO_DATA,missing_grade,{}
68.0,GEAR,WAIT,GRAY,NO_DATA,missing_gear,{}
69.0,SPEED,0.0,AMBER,OK,below_reference,"{reference_kmh=24.0, age_s=0.0}"
69.0,POWER,0,NEUTRAL,OK,power_present,{age_s=0.0}
69.0,HR,83,NEUTRAL,OK,hr_present,{age_s=0.0}
69.0,CADENCE,0,GRAY,OK,coasting_or_stopped,{age_s=0.0}
69.0,GRADE,WAIT,GRAY,NO_DATA,missing_grade,{}
69.0,GEAR,WAIT,GRAY,NO_DATA,missing_gear,{}
70.0,SPEED,0.0,AMBER,OK,below_reference,"{reference_kmh=24.0, age_s=0.0}"
70.0,POWER,0,NEUTRAL,OK,power_present,{age_s=0.0}
70.0,HR,84,NEUTRAL,OK,hr_present,{age_s=0.0}
70.0,CADENCE,0,GRAY,OK,coasting_or_stopped,{age_s=0.0}
70.0,GRADE,WAIT,GRAY,NO_DATA,missing_grade,{}
70.0,GEAR,WAIT,GRAY,NO_DATA,missing_gear,{}
71.0,SPEED,0.0,AMBER,OK,below_reference,"{reference_kmh=24.0, age_s=0.0}"
71.0,POWER,0,NEUTRAL,OK,power_present,{age_s=0.0}
71.0,HR,85,NEUTRAL,OK,hr_present,{age_s=0.0}
71.0,CADENCE,0,GRAY,OK,coasting_or_stopped,{age_s=0.0}
71.0,GRADE,WAIT,GRAY,NO_DATA,missing_grade,{}
71.0,GEAR,WAIT,GRAY,NO_DATA,missing_gear,{}
72.0,SPEED,0.0,AMBER,OK,below_reference,"{reference_kmh=24.0, age_s=0.0}"
72.0,POWER,0,NEUTRAL,OK,power_present,{age_s=0.0}
72.0,HR,86,NEUTRAL,OK,hr_present,{age_s=0.0}
72.0,CADENCE,0,GRAY,OK,coasting_or_stopped,{age_s=0.0}
72.0,GRADE,WAIT,GRAY,NO_DATA,missing_grade,{}
72.0,GEAR,WAIT,GRAY,NO_DATA,missing_gear,{}
73.0,SPEED,0.0,AMBER,OK,below_reference,"{reference_kmh=24.0, age_s=0.0}"
73.0,POWER,0,NEUTRAL,OK,power_present,{age_s=0.0}
73.0,HR,87,NEUTRAL,OK,hr_present,{age_s=0.0}
73.0,CADENCE,0,GRAY,OK,coasting_or_stopped,{age_s=0.0}
73.0,GRADE,WAIT,GRAY,NO_DATA,missing_grade,{}
73.0,GEAR,WAIT,GRAY,NO_DATA,missing_gear,{}
74.0,SPEED,0.0,AMBER,OK,below_reference,"{reference_kmh=24.0, age_s=0.0}"
74.0,POWER,0,NEUTRAL,OK,power_present,{age_s=0.0}
74.0,HR,88,NEUTRAL,OK,hr_present,{age_s=0.0}
74.0,CADENCE,0,GRAY,OK,coasting_or_stopped,{age_s=0.0}
74.0,GRADE,WAIT,GRAY,NO_DATA,missing_grade,{}
74.0,GEAR,WAIT,GRAY,NO_DATA,missing_gear,{}
75.0,SPEED,0.0,AMBER,OK,below_reference,"{reference_kmh=24.0, age_s=0.0}"
75.0,POWER,0,NEUTRAL,OK,power_present,{age_s=0.0}
75.0,HR,88,NEUTRAL,OK,hr_present,{age_s=1.0}
75.0,CADENCE,0,GRAY,OK,coasting_or_stopped,{age_s=0.0}
75.0,GRADE,WAIT,GRAY,NO_DATA,missing_grade,{}
75.0,GEAR,WAIT,GRAY,NO_DATA,missing_gear,{}
76.0,SPEED,0.0,AMBER,OK,below_reference,"{reference_kmh=24.0, age_s=0.0}"
76.0,POWER,0,NEUTRAL,OK,power_present,{age_s=0.0}
76.0,HR,90,NEUTRAL,OK,hr_present,{age_s=0.0}
76.0,CADENCE,0,GRAY,OK,coasting_or_stopped,{age_s=0.0}
76.0,GRADE,WAIT,GRAY,NO_DATA,missing_grade,{}
76.0,GEAR,WAIT,GRAY,NO_DATA,missing_gear,{}
77.0,SPEED,0.0,AMBER,OK,below_reference,"{reference_kmh=24.0, age_s=0.0}"
77.0,POWER,0,NEUTRAL,OK,power_present,{age_s=0.0}
77.0,HR,80,NEUTRAL,OK,hr_present,{age_s=0.0}
77.0,CADENCE,0,GRAY,OK,coasting_or_stopped,{age_s=0.0}
77.0,GRADE,WAIT,GRAY,NO_DATA,missing_grade,{}
77.0,GEAR,WAIT,GRAY,NO_DATA,missing_gear,{}
78.0,SPEED,0.0,AMBER,OK,below_reference,"{reference_kmh=24.0, age_s=0.0}"
78.0,POWER,0,NEUTRAL,OK,power_present,{age_s=0.0}
78.0,HR,81,NEUTRAL,OK,hr_present,{age_s=0.0}
78.0,CADENCE,0,GRAY,OK,coasting_or_stopped,{age_s=0.0}
78.0,GRADE,WAIT,GRAY,NO_DATA,missing_grade,{}
78.0,GEAR,WAIT,GRAY,NO_DATA,missing_gear,{}
79.0,SPEED,0.0,AMBER,OK,below_reference,"{reference_kmh=24.0, age_s=0.0}"
79.0,POWER,0,NEUTRAL,OK,power_present,{age_s=0.0}
79.0,HR,82,NEUTRAL,OK,hr_present,{age_s=0.0}
79.0,CADENCE,0,GRAY,OK,coasting_or_stopped,{age_s=0.0}
79.0,GRADE,WAIT,GRAY,NO_DATA,missing_grade,{}
79.0,GEAR,WAIT,GRAY,NO_DATA,missing_gear,{}
80.0,SPEED,0.0,AMBER,OK,below_reference,"{reference_kmh=24.0, age_s=0.0}"
80.0,POWER,0,NEUTRAL,OK,power_present,{age_s=0.0}
80.0,HR,83,NEUTRAL,OK,hr_present,{age_s=0.0}
80.0,CADENCE,0,GRAY,OK,coasting_or_stopped,{age_s=0.0}
80.0,GRADE,WAIT,GRAY,NO_DATA,missing_grade,{}
80.0,GEAR,WAIT,GRAY,NO_DATA,missing_gear,{}
81.0,SPEED,0.0,AMBER,OK,below_reference,"{reference_kmh=24.0, age_s=0.0}"
81.0,POWER,0,NEUTRAL,OK,power_present,{age_s=0.0}
81.0,HR,84,NEUTRAL,OK,hr_present,{age_s=0.0}
81.0,CADENCE,0,GRAY,OK,coasting_or_stopped,{age_s=0.0}
81.0,GRADE,WAIT,GRAY,NO_DATA,missing_grade,{}
81.0,GEAR,WAIT,GRAY,NO_DATA,missing_gear,{}
82.0,SPEED,0.0,AMBER,OK,below_reference,"{reference_kmh=24.0, age_s=0.0}"
82.0,POWER,0,NEUTRAL,OK,power_present,{age_s=0.0}
82.0,HR,85,NEUTRAL,OK,hr_present,{age_s=0.0}
82.0,CADENCE,0,GRAY,OK,coasting_or_stopped,{age_s=0.0}
82.0,GRADE,WAIT,GRAY,NO_DATA,missing_grade,{}
82.0,GEAR,WAIT,GRAY,NO_DATA,missing_gear,{}
83.0,SPEED,0.0,AMBER,OK,below_reference,"{reference_kmh=24.0, age_s=0.0}"
83.0,POWER,0,NEUTRAL,OK,power_present,{age_s=0.0}
83.0,HR,86,NEUTRAL,OK,hr_present,{age_s=0.0}
83.0,CADENCE,0,GRAY,OK,coasting_or_stopped,{age_s=0.0}
83.0,GRADE,WAIT,GRAY,NO_DATA,missing_grade,{}
83.0,GEAR,WAIT,GRAY,NO_DATA,missing_gear,{}
84.0,SPEED,0.0,AMBER,OK,below_reference,"{reference_kmh=24.0, age_s=0.0}"
84.0,POWER,0,NEUTRAL,OK,power_present,{age_s=0.0}
84.0,HR,87,NEUTRAL,OK,hr_present,{age_s=0.0}
84.0,CADENCE,0,GRAY,OK,coasting_or_stopped,{age_s=0.0}
84.0,GRADE,WAIT,GRAY,NO_DATA,missing_grade,{}
84.0,GEAR,WAIT,GRAY,NO_DATA,missing_gear,{}
85.0,SPEED,0.0,AMBER,OK,below_reference,"{reference_kmh=24.0, age_s=0.0}"
85.0,POWER,0,NEUTRAL,OK,power_present,{age_s=0.0}
85.0,HR,88,NEUTRAL,OK,hr_present,{age_s=0.0}
85.0,CADENCE,0,GRAY,OK,coasting_or_stopped,{age_s=0.0}
85.0,GRADE,WAIT,GRAY,NO_DATA,missing_grade,{}
85.0,GEAR,WAIT,GRAY,NO_DATA,missing_gear,{}
86.0,SPEED,0.0,AMBER,OK,below_reference,"{reference_kmh=24.0, age_s=0.0}"
86.0,POWER,0,NEUTRAL,OK,power_present,{age_s=0.0}
86.0,HR,89,NEUTRAL,OK,hr_present,{age_s=0.0}
86.0,CADENCE,0,GRAY,OK,coasting_or_stopped,{age_s=0.0}
86.0,GRADE,WAIT,GRAY,NO_DATA,missing_grade,{}
86.0,GEAR,WAIT,GRAY,NO_DATA,missing_gear,{}
87.0,SPEED,0.0,AMBER,OK,below_reference,"{reference_kmh=24.0, age_s=0.0}"
87.0,POWER,0,NEUTRAL,OK,power_present,{age_s=0.0}
87.0,HR,90,NEUTRAL,OK,hr_present,{age_s=0.0}
87.0,CADENCE,0,GRAY,OK,coasting_or_stopped,{age_s=0.0}
87.0,GRADE,WAIT,GRAY,NO_DATA,missing_grade,{}
87.0,GEAR,WAIT,GRAY,NO_DATA,missing_gear,{}
88.0,SPEED,0.0,AMBER,OK,below_reference,"{reference_kmh=24.0, age_s=0.0}"
88.0,POWER,0,NEUTRAL,OK,power_present,{age_s=0.0}
88.0,HR,80,NEUTRAL,OK,hr_present,{age_s=0.0}
88.0,CADENCE,0,GRAY,OK,coasting_or_stopped,{age_s=0.0}
88.0,GRADE,WAIT,GRAY,NO_DATA,missing_grade,{}
88.0,GEAR,WAIT,GRAY,NO_DATA,missing_gear,{}
89.0,SPEED,0.0,AMBER,OK,below_reference,"{reference_kmh=24.0, age_s=0.0}"
89.0,POWER,0,NEUTRAL,OK,power_present,{age_s=0.0}
89.0,HR,81,NEUTRAL,OK,hr_present,{age_s=0.0}
89.0,CADENCE,0,GRAY,OK,coasting_or_stopped,{age_s=0.0}
89.0,GRADE,WAIT,GRAY,NO_DATA,missing_grade,{}
89.0,GEAR,WAIT,GRAY,NO_DATA,missing_gear,{}
90.0,SPEED,0.0,AMBER,OK,below_reference,"{reference_kmh=24.0, age_s=0.0}"
90.0,POWER,0,NEUTRAL,OK,power_present,{age_s=0.0}
90.0,HR,81,NEUTRAL,OK,hr_present,{age_s=1.0}
90.0,CADENCE,0,GRAY,OK,coasting_or_stopped,{age_s=0.0}
90.0,GRADE,WAIT,GRAY,NO_DATA,missing_grade,{}
90.0,GEAR,WAIT,GRAY,NO_DATA,missing_gear,{}
91.0,SPEED,0.0,AMBER,OK,below_reference,"{reference_kmh=24.0, age_s=0.0}"
91.0,POWER,0,NEUTRAL,OK,power_present,{age_s=0.0}
91.0,HR,83,NEUTRAL,OK,hr_present,{age_s=0.0}
91.0,CADENCE,0,GRAY,OK,coasting_or_stopped,{age_s=0.0}
91.0,GRADE,WAIT,GRAY,NO_DATA,missing_grade,{}
91.0,GEAR,WAIT,GRAY,NO_DATA,missing_gear,{}
92.0,SPEED,0.0,AMBER,OK,below_reference,"{reference_kmh=24.0, age_s=0.0}"
92.0,POWER,0,NEUTRAL,OK,power_present,{age_s=0.0}
92.0,HR,84,NEUTRAL,OK,hr_present,{age_s=0.0}
92.0,CADENCE,0,GRAY,OK,coasting_or_stopped,{age_s=0.0}
92.0,GRADE,WAIT,GRAY,NO_DATA,missing_grade,{}
92.0,GEAR,WAIT,GRAY,NO_DATA,missing_gear,{}
93.0,SPEED,0.0,AMBER,OK,below_reference,"{reference_kmh=24.0, age_s=0.0}"
93.0,POWER,0,NEUTRAL,OK,power_present,{age_s=0.0}
93.0,HR,85,NEUTRAL,OK,hr_present,{age_s=0.0}
93.0,CADENCE,0,GRAY,OK,coasting_or_stopped,{age_s=0.0}
93.0,GRADE,WAIT,GRAY,NO_DATA,missing_grade,{}
93.0,GEAR,WAIT,GRAY,NO_DATA,missing_gear,{}
94.0,SPEED,0.0,AMBER,OK,below_reference,"{reference_kmh=24.0, age_s=0.0}"
94.0,POWER,0,NEUTRAL,OK,power_present,{age_s=0.0}
94.0,HR,86,NEUTRAL,OK,hr_present,{age_s=0.0}
94.0,CADENCE,0,GRAY,OK,coasting_or_stopped,{age_s=0.0}
94.0,GRADE,WAIT,GRAY,NO_DATA,missing_grade,{}
94.0,GEAR,WAIT,GRAY,NO_DATA,missing_gear,{}
95.0,SPEED,0.0,AMBER,OK,below_reference,"{reference_kmh=24.0, age_s=0.0}"
95.0,POWER,0,NEUTRAL,OK,power_present,{age_s=0.0}
95.0,HR,87,NEUTRAL,OK,hr_present,{age_s=0.0}
95.0,CADENCE,0,GRAY,OK,coasting_or_stopped,{age_s=0.0}
95.0,GRADE,WAIT,GRAY,NO_DATA,missing_grade,{}
95.0,GEAR,WAIT,GRAY,NO_DATA,missing_gear,{}
96.0,SPEED,0.0,AMBER,OK,below_reference,"{reference_kmh=24.0, age_s=0.0}"
96.0,POWER,0,NEUTRAL,OK,power_present,{age_s=0.0}
96.0,HR,88,NEUTRAL,OK,hr_present,{age_s=0.0}
96.0,CADENCE,0,GRAY,OK,coasting_or_stopped,{age_s=0.0}
96.0,GRADE,WAIT,GRAY,NO_DATA,missing_grade,{}
96.0,GEAR,WAIT,GRAY,NO_DATA,missing_gear,{}
97.0,SPEED,0.0,AMBER,OK,below_reference,"{reference_kmh=24.0, age_s=0.0}"
97.0,POWER,0,NEUTRAL,OK,power_present,{age_s=0.0}
97.0,HR,89,NEUTRAL,OK,hr_present,{age_s=0.0}
97.0,CADENCE,0,GRAY,OK,coasting_or_stopped,{age_s=0.0}
97.0,GRADE,WAIT,GRAY,NO_DATA,missing_grade,{}
97.0,GEAR,WAIT,GRAY,NO_DATA,missing_gear,{}
98.0,SPEED,0.0,AMBER,OK,below_reference,"{reference_kmh=24.0, age_s=0.0}"
98.0,POWER,0,NEUTRAL,OK,power_present,{age_s=0.0}
98.0,HR,90,NEUTRAL,OK,hr_present,{age_s=0.0}
98.0,CADENCE,0,GRAY,OK,coasting_or_stopped,{age_s=0.0}
98.0,GRADE,WAIT,GRAY,NO_DATA,missing_grade,{}
98.0,GEAR,WAIT,GRAY,NO_DATA,missing_gear,{}
99.0,SPEED,0.0,AMBER,OK,below_reference,"{reference_kmh=24.0, age_s=0.0}"
99.0,POWER,0,NEUTRAL,OK,power_present,{age_s=0.0}
99.0,HR,80,NEUTRAL,OK,hr_present,{age_s=0.0}
99.0,CADENCE,0,GRAY,OK,coasting_or_stopped,{age_s=0.0}
99.0,GRADE,WAIT,GRAY,NO_DATA,missing_grade,{}
99.0,GEAR,WAIT,GRAY,NO_DATA,missing_gear,{}
100.0,SPEED,0.0,AMBER,OK,below_reference,"{reference_kmh=24.0, age_s=0.0}"
100.0,POWER,0,NEUTRAL,OK,power_present,{age_s=0.0}
100.0,HR,81,NEUTRAL,OK,hr_present,{age_s=0.0}
100.0,CADENCE,0,GRAY,OK,coasting_or_stopped,{age_s=0.0}
100.0,GRADE,WAIT,GRAY,NO_DATA,missing_grade,{}
100.0,GEAR,WAIT,GRAY,NO_DATA,missing_gear,{}
101.0,SPEED,0.0,AMBER,OK,below_reference,"{reference_kmh=24.0, age_s=0.0}"
101.0,POWER,0,NEUTRAL,OK,power_present,{age_s=0.0}
101.0,HR,82,NEUTRAL,OK,hr_present,{age_s=0.0}
101.0,CADENCE,0,GRAY,OK,coasting_or_stopped,{age_s=0.0}
101.0,GRADE,WAIT,GRAY,NO_DATA,missing_grade,{}
101.0,GEAR,WAIT,GRAY,NO_DATA,missing_gear,{}
102.0,SPEED,0.0,AMBER,OK,below_reference,"{reference_kmh=24.0, age_s=0.0}"
102.0,POWER,0,NEUTRAL,OK,power_present,{age_s=0.0}
102.0,HR,83,NEUTRAL,OK,hr_present,{age_s=0.0}
102.0,CADENCE,0,GRAY,OK,coasting_or_stopped,{age_s=0.0}
102.0,GRADE,WAIT,GRAY,NO_DATA,missing_grade,{}
102.0,GEAR,WAIT,GRAY,NO_DATA,missing_gear,{}
103.0,SPEED,0.0,AMBER,OK,below_reference,"{reference_kmh=24.0, age_s=0.0}"
103.0,POWER,0,NEUTRAL,OK,power_present,{age_s=0.0}
103.0,HR,84,NEUTRAL,OK,hr_present,{age_s=0.0}
103.0,CADENCE,0,GRAY,OK,coasting_or_stopped,{age_s=0.0}
103.0,GRADE,WAIT,GRAY,NO_DATA,missing_grade,{}
103.0,GEAR,WAIT,GRAY,NO_DATA,missing_gear,{}
104.0,SPEED,0.0,AMBER,OK,below_reference,"{reference_kmh=24.0, age_s=0.0}"
104.0,POWER,0,NEUTRAL,OK,power_present,{age_s=0.0}
104.0,HR,85,NEUTRAL,OK,hr_present,{age_s=0.0}
104.0,CADENCE,0,GRAY,OK,coasting_or_stopped,{age_s=0.0}
104.0,GRADE,WAIT,GRAY,NO_DATA,missing_grade,{}
104.0,GEAR,WAIT,GRAY,NO_DATA,missing_gear,{}
105.0,SPEED,0.0,AMBER,OK,below_reference,"{reference_kmh=24.0, age_s=0.0}"
105.0,POWER,0,NEUTRAL,OK,power_present,{age_s=0.0}
105.0,HR,85,NEUTRAL,OK,hr_present,{age_s=1.0}
105.0,CADENCE,0,GRAY,OK,coasting_or_stopped,{age_s=0.0}
105.0,GRADE,WAIT,GRAY,NO_DATA,missing_grade,{}
105.0,GEAR,WAIT,GRAY,NO_DATA,missing_gear,{}
106.0,SPEED,0.0,AMBER,OK,below_reference,"{reference_kmh=24.0, age_s=0.0}"
106.0,POWER,0,NEUTRAL,OK,power_present,{age_s=0.0}
106.0,HR,87,NEUTRAL,OK,hr_present,{age_s=0.0}
106.0,CADENCE,0,GRAY,OK,coasting_or_stopped,{age_s=0.0}
106.0,GRADE,WAIT,GRAY,NO_DATA,missing_grade,{}
106.0,GEAR,WAIT,GRAY,NO_DATA,missing_gear,{}
107.0,SPEED,0.0,AMBER,OK,below_reference,"{reference_kmh=24.0, age_s=0.0}"
107.0,POWER,0,NEUTRAL,OK,power_present,{age_s=0.0}
107.0,HR,88,NEUTRAL,OK,hr_present,{age_s=0.0}
107.0,CADENCE,0,GRAY,OK,coasting_or_stopped,{age_s=0.0}
107.0,GRADE,WAIT,GRAY,NO_DATA,missing_grade,{}
107.0,GEAR,WAIT,GRAY,NO_DATA,missing_gear,{}
108.0,SPEED,0.0,AMBER,OK,below_reference,"{reference_kmh=24.0, age_s=0.0}"
108.0,POWER,0,NEUTRAL,OK,power_present,{age_s=0.0}
108.0,HR,89,NEUTRAL,OK,hr_present,{age_s=0.0}
108.0,CADENCE,0,GRAY,OK,coasting_or_stopped,{age_s=0.0}
108.0,GRADE,WAIT,GRAY,NO_DATA,missing_grade,{}
108.0,GEAR,WAIT,GRAY,NO_DATA,missing_gear,{}
109.0,SPEED,0.0,AMBER,OK,below_reference,"{reference_kmh=24.0, age_s=0.0}"
109.0,POWER,0,NEUTRAL,OK,power_present,{age_s=0.0}
109.0,HR,90,NEUTRAL,OK,hr_present,{age_s=0.0}
109.0,CADENCE,0,GRAY,OK,coasting_or_stopped,{age_s=0.0}
109.0,GRADE,WAIT,GRAY,NO_DATA,missing_grade,{}
109.0,GEAR,WAIT,GRAY,NO_DATA,missing_gear,{}
110.0,SPEED,0.0,AMBER,OK,below_reference,"{reference_kmh=24.0, age_s=0.0}"
110.0,POWER,0,NEUTRAL,OK,power_present,{age_s=0.0}
110.0,HR,80,NEUTRAL,OK,hr_present,{age_s=0.0}
110.0,CADENCE,0,GRAY,OK,coasting_or_stopped,{age_s=0.0}
110.0,GRADE,WAIT,GRAY,NO_DATA,missing_grade,{}
110.0,GEAR,WAIT,GRAY,NO_DATA,missing_gear,{}
111.0,SPEED,0.0,AMBER,OK,below_reference,"{reference_kmh=24.0, age_s=0.0}"
111.0,POWER,0,NEUTRAL,OK,power_present,{age_s=0.0}
111.0,HR,81,NEUTRAL,OK,hr_present,{age_s=0.0}
111.0,CADENCE,0,GRAY,OK,coasting_or_stopped,{age_s=0.0}
111.0,GRADE,WAIT,GRAY,NO_DATA,missing_grade,{}
111.0,GEAR,WAIT,GRAY,NO_DATA,missing_gear,{}
112.0,SPEED,0.0,AMBER,OK,below_reference,"{reference_kmh=24.0, age_s=0.0}"
112.0,POWER,0,NEUTRAL,OK,power_present,{age_s=0.0}
112.0,HR,82,NEUTRAL,OK,hr_present,{age_s=0.0}
112.0,CADENCE,0,GRAY,OK,coasting_or_stopped,{age_s=0.0}
112.0,GRADE,WAIT,GRAY,NO_DATA,missing_grade,{}
112.0,GEAR,WAIT,GRAY,NO_DATA,missing_gear,{}
113.0,SPEED,0.0,AMBER,OK,below_reference,"{reference_kmh=24.0, age_s=0.0}"
113.0,POWER,0,NEUTRAL,OK,power_present,{age_s=0.0}
113.0,HR,83,NEUTRAL,OK,hr_present,{age_s=0.0}
113.0,CADENCE,0,GRAY,OK,coasting_or_stopped,{age_s=0.0}
113.0,GRADE,WAIT,GRAY,NO_DATA,missing_grade,{}
113.0,GEAR,WAIT,GRAY,NO_DATA,missing_gear,{}
114.0,SPEED,0.0,AMBER,OK,below_reference,"{reference_kmh=24.0, age_s=0.0}"
114.0,POWER,0,NEUTRAL,OK,power_present,{age_s=0.0}
114.0,HR,84,NEUTRAL,OK,hr_present,{age_s=0.0}
114.0,CADENCE,0,GRAY,OK,coasting_or_stopped,{age_s=0.0}
114.0,GRADE,WAIT,GRAY,NO_DATA,missing_grade,{}
114.0,GEAR,WAIT,GRAY,NO_DATA,missing_gear,{}
115.0,SPEED,0.0,AMBER,OK,below_reference,"{reference_kmh=24.0, age_s=0.0}"
115.0,POWER,0,NEUTRAL,OK,power_present,{age_s=0.0}
115.0,HR,85,NEUTRAL,OK,hr_present,{age_s=0.0}
115.0,CADENCE,0,GRAY,OK,coasting_or_stopped,{age_s=0.0}
115.0,GRADE,WAIT,GRAY,NO_DATA,missing_grade,{}
115.0,GEAR,WAIT,GRAY,NO_DATA,missing_gear,{}
116.0,SPEED,0.0,AMBER,OK,below_reference,"{reference_kmh=24.0, age_s=0.0}"
116.0,POWER,0,NEUTRAL,OK,power_present,{age_s=0.0}
116.0,HR,86,NEUTRAL,OK,hr_present,{age_s=0.0}
116.0,CADENCE,0,GRAY,OK,coasting_or_stopped,{age_s=0.0}
116.0,GRADE,WAIT,GRAY,NO_DATA,missing_grade,{}
116.0,GEAR,WAIT,GRAY,NO_DATA,missing_gear,{}
117.0,SPEED,0.0,AMBER,OK,below_reference,"{reference_kmh=24.0, age_s=0.0}"
117.0,POWER,0,NEUTRAL,OK,power_present,{age_s=0.0}
117.0,HR,87,NEUTRAL,OK,hr_present,{age_s=0.0}
117.0,CADENCE,0,GRAY,OK,coasting_or_stopped,{age_s=0.0}
117.0,GRADE,WAIT,GRAY,NO_DATA,missing_grade,{}
117.0,GEAR,WAIT,GRAY,NO_DATA,missing_gear,{}
118.0,SPEED,0.0,AMBER,OK,below_reference,"{reference_kmh=24.0, age_s=0.0}"
118.0,POWER,0,NEUTRAL,OK,power_present,{age_s=0.0}
118.0,HR,88,NEUTRAL,OK,hr_present,{age_s=0.0}
118.0,CADENCE,0,GRAY,OK,coasting_or_stopped,{age_s=0.0}
118.0,GRADE,WAIT,GRAY,NO_DATA,missing_grade,{}
118.0,GEAR,WAIT,GRAY,NO_DATA,missing_gear,{}
119.0,SPEED,0.0,AMBER,OK,below_reference,"{reference_kmh=24.0, age_s=0.0}"
119.0,POWER,0,NEUTRAL,OK,power_present,{age_s=0.0}
119.0,HR,89,NEUTRAL,OK,hr_present,{age_s=0.0}
119.0,CADENCE,0,GRAY,OK,coasting_or_stopped,{age_s=0.0}
119.0,GRADE,WAIT,GRAY,NO_DATA,missing_grade,{}
119.0,GEAR,WAIT,GRAY,NO_DATA,missing_gear,{}
120.0,SPEED,0.0,AMBER,OK,below_reference,"{reference_kmh=24.0, age_s=0.0}"
120.0,POWER,0,NEUTRAL,OK,power_present,{age_s=0.0}
120.0,HR,89,NEUTRAL,OK,hr_present,{age_s=1.0}
120.0,CADENCE,0,GRAY,OK,coasting_or_stopped,{age_s=0.0}
120.0,GRADE,WAIT,GRAY,NO_DATA,missing_grade,{}
120.0,GEAR,WAIT,GRAY,NO_DATA,missing_gear,{}
121.0,SPEED,0.0,AMBER,OK,below_reference,"{reference_kmh=24.0, age_s=0.0}"
121.0,POWER,0,NEUTRAL,OK,power_present,{age_s=0.0}
121.0,HR,80,NEUTRAL,OK,hr_present,{age_s=0.0}
121.0,CADENCE,0,GRAY,OK,coasting_or_stopped,{age_s=0.0}
121.0,GRADE,WAIT,GRAY,NO_DATA,missing_grade,{}
121.0,GEAR,WAIT,GRAY,NO_DATA,missing_gear,{}
122.0,SPEED,0.0,AMBER,OK,below_reference,"{reference_kmh=24.0, age_s=0.0}"
122.0,POWER,0,NEUTRAL,OK,power_present,{age_s=0.0}
122.0,HR,81,NEUTRAL,OK,hr_present,{age_s=0.0}
122.0,CADENCE,0,GRAY,OK,coasting_or_stopped,{age_s=0.0}
122.0,GRADE,WAIT,GRAY,NO_DATA,missing_grade,{}
122.0,GEAR,WAIT,GRAY,NO_DATA,missing_gear,{}
123.0,SPEED,0.0,AMBER,OK,below_reference,"{reference_kmh=24.0, age_s=0.0}"
123.0,POWER,0,NEUTRAL,OK,power_present,{age_s=0.0}
123.0,HR,82,NEUTRAL,OK,hr_present,{age_s=0.0}
123.0,CADENCE,0,GRAY,OK,coasting_or_stopped,{age_s=0.0}
123.0,GRADE,WAIT,GRAY,NO_DATA,missing_grade,{}
123.0,GEAR,WAIT,GRAY,NO_DATA,missing_gear,{}
124.0,SPEED,0.0,AMBER,OK,below_reference,"{reference_kmh=24.0, age_s=0.0}"
124.0,POWER,0,NEUTRAL,OK,power_present,{age_s=0.0}
124.0,HR,83,NEUTRAL,OK,hr_present,{age_s=0.0}
124.0,CADENCE,0,GRAY,OK,coasting_or_stopped,{age_s=0.0}
124.0,GRADE,WAIT,GRAY,NO_DATA,missing_grade,{}
124.0,GEAR,WAIT,GRAY,NO_DATA,missing_gear,{}
125.0,SPEED,0.0,AMBER,OK,below_reference,"{reference_kmh=24.0, age_s=0.0}"
125.0,POWER,0,NEUTRAL,OK,power_present,{age_s=0.0}
125.0,HR,84,NEUTRAL,OK,hr_present,{age_s=0.0}
125.0,CADENCE,0,GRAY,OK,coasting_or_stopped,{age_s=0.0}
125.0,GRADE,WAIT,GRAY,NO_DATA,missing_grade,{}
125.0,GEAR,WAIT,GRAY,NO_DATA,missing_gear,{}
126.0,SPEED,0.0,AMBER,OK,below_reference,"{reference_kmh=24.0, age_s=0.0}"
126.0,POWER,0,NEUTRAL,OK,power_present,{age_s=0.0}
126.0,HR,85,NEUTRAL,OK,hr_present,{age_s=0.0}
126.0,CADENCE,0,GRAY,OK,coasting_or_stopped,{age_s=0.0}
126.0,GRADE,WAIT,GRAY,NO_DATA,missing_grade,{}
126.0,GEAR,WAIT,GRAY,NO_DATA,missing_gear,{}
127.0,SPEED,0.0,AMBER,OK,below_reference,"{reference_kmh=24.0, age_s=0.0}"
127.0,POWER,0,NEUTRAL,OK,power_present,{age_s=0.0}
127.0,HR,86,NEUTRAL,OK,hr_present,{age_s=0.0}
127.0,CADENCE,0,GRAY,OK,coasting_or_stopped,{age_s=0.0}
127.0,GRADE,WAIT,GRAY,NO_DATA,missing_grade,{}
127.0,GEAR,WAIT,GRAY,NO_DATA,missing_gear,{}
128.0,SPEED,0.0,AMBER,OK,below_reference,"{reference_kmh=24.0, age_s=0.0}"
128.0,POWER,0,NEUTRAL,OK,power_present,{age_s=0.0}
128.0,HR,87,NEUTRAL,OK,hr_present,{age_s=0.0}
128.0,CADENCE,0,GRAY,OK,coasting_or_stopped,{age_s=0.0}
128.0,GRADE,WAIT,GRAY,NO_DATA,missing_grade,{}
128.0,GEAR,WAIT,GRAY,NO_DATA,missing_gear,{}
129.0,SPEED,0.0,AMBER,OK,below_reference,"{reference_kmh=24.0, age_s=0.0}"
129.0,POWER,0,NEUTRAL,OK,power_present,{age_s=0.0}
129.0,HR,88,NEUTRAL,OK,hr_present,{age_s=0.0}
129.0,CADENCE,0,GRAY,OK,coasting_or_stopped,{age_s=0.0}
129.0,GRADE,WAIT,GRAY,NO_DATA,missing_grade,{}
129.0,GEAR,WAIT,GRAY,NO_DATA,missing_gear,{}
130.0,SPEED,0.0,AMBER,OK,below_reference,"{reference_kmh=24.0, age_s=0.0}"
130.0,POWER,0,NEUTRAL,OK,power_present,{age_s=0.0}
130.0,HR,89,NEUTRAL,OK,hr_present,{age_s=0.0}
130.0,CADENCE,0,GRAY,OK,coasting_or_stopped,{age_s=0.0}
130.0,GRADE,WAIT,GRAY,NO_DATA,missing_grade,{}
130.0,GEAR,WAIT,GRAY,NO_DATA,missing_gear,{}
131.0,SPEED,0.0,AMBER,OK,below_reference,"{reference_kmh=24.0, age_s=0.0}"
131.0,POWER,0,NEUTRAL,OK,power_present,{age_s=0.0}
131.0,HR,90,NEUTRAL,OK,hr_present,{age_s=0.0}
131.0,CADENCE,0,GRAY,OK,coasting_or_stopped,{age_s=0.0}
131.0,GRADE,WAIT,GRAY,NO_DATA,missing_grade,{}
131.0,GEAR,WAIT,GRAY,NO_DATA,missing_gear,{}
132.0,SPEED,0.0,AMBER,OK,below_reference,"{reference_kmh=24.0, age_s=0.0}"
132.0,POWER,0,NEUTRAL,OK,power_present,{age_s=0.0}
132.0,HR,80,NEUTRAL,OK,hr_present,{age_s=0.0}
132.0,CADENCE,0,GRAY,OK,coasting_or_stopped,{age_s=0.0}
132.0,GRADE,WAIT,GRAY,NO_DATA,missing_grade,{}
132.0,GEAR,WAIT,GRAY,NO_DATA,missing_gear,{}
133.0,SPEED,0.0,AMBER,OK,below_reference,"{reference_kmh=24.0, age_s=0.0}"
133.0,POWER,0,NEUTRAL,OK,power_present,{age_s=0.0}
133.0,HR,81,NEUTRAL,OK,hr_present,{age_s=0.0}
133.0,CADENCE,0,GRAY,OK,coasting_or_stopped,{age_s=0.0}
133.0,GRADE,WAIT,GRAY,NO_DATA,missing_grade,{}
133.0,GEAR,WAIT,GRAY,NO_DATA,missing_gear,{}
134.0,SPEED,0.0,AMBER,OK,below_reference,"{reference_kmh=24.0, age_s=0.0}"
134.0,POWER,0,NEUTRAL,OK,power_present,{age_s=0.0}
134.0,HR,82,NEUTRAL,OK,hr_present,{age_s=0.0}
134.0,CADENCE,0,GRAY,OK,coasting_or_stopped,{age_s=0.0}
134.0,GRADE,WAIT,GRAY,NO_DATA,missing_grade,{}
134.0,GEAR,WAIT,GRAY,NO_DATA,missing_gear,{}
135.0,SPEED,0.0,AMBER,OK,below_reference,"{reference_kmh=24.0, age_s=0.0}"
135.0,POWER,0,NEUTRAL,OK,power_present,{age_s=0.0}
135.0,HR,82,NEUTRAL,OK,hr_present,{age_s=1.0}
135.0,CADENCE,0,GRAY,OK,coasting_or_stopped,{age_s=0.0}
135.0,GRADE,WAIT,GRAY,NO_DATA,missing_grade,{}
135.0,GEAR,WAIT,GRAY,NO_DATA,missing_gear,{}
136.0,SPEED,0.0,AMBER,OK,below_reference,"{reference_kmh=24.0, age_s=0.0}"
136.0,POWER,0,NEUTRAL,OK,power_present,{age_s=0.0}
136.0,HR,84,NEUTRAL,OK,hr_present,{age_s=0.0}
136.0,CADENCE,0,GRAY,OK,coasting_or_stopped,{age_s=0.0}
136.0,GRADE,WAIT,GRAY,NO_DATA,missing_grade,{}
136.0,GEAR,WAIT,GRAY,NO_DATA,missing_gear,{}
137.0,SPEED,0.0,AMBER,OK,below_reference,"{reference_kmh=24.0, age_s=0.0}"
137.0,POWER,0,NEUTRAL,OK,power_present,{age_s=0.0}
137.0,HR,85,NEUTRAL,OK,hr_present,{age_s=0.0}
137.0,CADENCE,0,GRAY,OK,coasting_or_stopped,{age_s=0.0}
137.0,GRADE,WAIT,GRAY,NO_DATA,missing_grade,{}
137.0,GEAR,WAIT,GRAY,NO_DATA,missing_gear,{}
138.0,SPEED,0.0,AMBER,OK,below_reference,"{reference_kmh=24.0, age_s=0.0}"
138.0,POWER,0,NEUTRAL,OK,power_present,{age_s=0.0}
138.0,HR,86,NEUTRAL,OK,hr_present,{age_s=0.0}
138.0,CADENCE,0,GRAY,OK,coasting_or_stopped,{age_s=0.0}
138.0,GRADE,WAIT,GRAY,NO_DATA,missing_grade,{}
138.0,GEAR,WAIT,GRAY,NO_DATA,missing_gear,{}
139.0,SPEED,0.0,AMBER,OK,below_reference,"{reference_kmh=24.0, age_s=0.0}"
139.0,POWER,0,NEUTRAL,OK,power_present,{age_s=0.0}
139.0,HR,87,NEUTRAL,OK,hr_present,{age_s=0.0}
139.0,CADENCE,0,GRAY,OK,coasting_or_stopped,{age_s=0.0}
139.0,GRADE,WAIT,GRAY,NO_DATA,missing_grade,{}
139.0,GEAR,WAIT,GRAY,NO_DATA,missing_gear,{}
140.0,SPEED,0.0,AMBER,OK,below_reference,"{reference_kmh=24.0, age_s=0.0}"
140.0,POWER,0,NEUTRAL,OK,power_present,{age_s=0.0}
140.0,HR,88,NEUTRAL,OK,hr_present,{age_s=0.0}
140.0,CADENCE,0,GRAY,OK,coasting_or_stopped,{age_s=0.0}
140.0,GRADE,WAIT,GRAY,NO_DATA,missing_grade,{}
140.0,GEAR,WAIT,GRAY,NO_DATA,missing_gear,{}
141.0,SPEED,0.0,AMBER,OK,below_reference,"{reference_kmh=24.0, age_s=0.0}"
141.0,POWER,0,NEUTRAL,OK,power_present,{age_s=0.0}
141.0,HR,89,NEUTRAL,OK,hr_present,{age_s=0.0}
141.0,CADENCE,0,GRAY,OK,coasting_or_stopped,{age_s=0.0}
141.0,GRADE,WAIT,GRAY,NO_DATA,missing_grade,{}
141.0,GEAR,WAIT,GRAY,NO_DATA,missing_gear,{}
142.0,SPEED,0.0,AMBER,OK,below_reference,"{reference_kmh=24.0, age_s=0.0}"
142.0,POWER,0,NEUTRAL,OK,power_present,{age_s=0.0}
142.0,HR,90,NEUTRAL,OK,hr_present,{age_s=0.0}
142.0,CADENCE,0,GRAY,OK,coasting_or_stopped,{age_s=0.0}
142.0,GRADE,WAIT,GRAY,NO_DATA,missing_grade,{}
142.0,GEAR,WAIT,GRAY,NO_DATA,missing_gear,{}
143.0,SPEED,0.0,AMBER,OK,below_reference,"{reference_kmh=24.0, age_s=0.0}"
143.0,POWER,0,NEUTRAL,OK,power_present,{age_s=0.0}
143.0,HR,80,NEUTRAL,OK,hr_present,{age_s=0.0}
143.0,CADENCE,0,GRAY,OK,coasting_or_stopped,{age_s=0.0}
143.0,GRADE,WAIT,GRAY,NO_DATA,missing_grade,{}
143.0,GEAR,WAIT,GRAY,NO_DATA,missing_gear,{}
144.0,SPEED,0.0,AMBER,OK,below_reference,"{reference_kmh=24.0, age_s=0.0}"
144.0,POWER,0,NEUTRAL,OK,power_present,{age_s=0.0}
144.0,HR,81,NEUTRAL,OK,hr_present,{age_s=0.0}
144.0,CADENCE,0,GRAY,OK,coasting_or_stopped,{age_s=0.0}
144.0,GRADE,WAIT,GRAY,NO_DATA,missing_grade,{}
144.0,GEAR,WAIT,GRAY,NO_DATA,missing_gear,{}
145.0,SPEED,0.0,AMBER,OK,below_reference,"{reference_kmh=24.0, age_s=0.0}"
145.0,POWER,0,NEUTRAL,OK,power_present,{age_s=0.0}
145.0,HR,82,NEUTRAL,OK,hr_present,{age_s=0.0}
145.0,CADENCE,0,GRAY,OK,coasting_or_stopped,{age_s=0.0}
145.0,GRADE,WAIT,GRAY,NO_DATA,missing_grade,{}
145.0,GEAR,WAIT,GRAY,NO_DATA,missing_gear,{}
146.0,SPEED,0.0,AMBER,OK,below_reference,"{reference_kmh=24.0, age_s=0.0}"
146.0,POWER,0,NEUTRAL,OK,power_present,{age_s=0.0}
146.0,HR,83,NEUTRAL,OK,hr_present,{age_s=0.0}
146.0,CADENCE,0,GRAY,OK,coasting_or_stopped,{age_s=0.0}
146.0,GRADE,WAIT,GRAY,NO_DATA,missing_grade,{}
146.0,GEAR,WAIT,GRAY,NO_DATA,missing_gear,{}
147.0,SPEED,0.0,AMBER,OK,below_reference,"{reference_kmh=24.0, age_s=0.0}"
147.0,POWER,0,NEUTRAL,OK,power_present,{age_s=0.0}
147.0,HR,84,NEUTRAL,OK,hr_present,{age_s=0.0}
147.0,CADENCE,0,GRAY,OK,coasting_or_stopped,{age_s=0.0}
147.0,GRADE,WAIT,GRAY,NO_DATA,missing_grade,{}
147.0,GEAR,WAIT,GRAY,NO_DATA,missing_gear,{}
148.0,SPEED,0.0,AMBER,OK,below_reference,"{reference_kmh=24.0, age_s=0.0}"
148.0,POWER,0,NEUTRAL,OK,power_present,{age_s=0.0}
148.0,HR,85,NEUTRAL,OK,hr_present,{age_s=0.0}
148.0,CADENCE,0,GRAY,OK,coasting_or_stopped,{age_s=0.0}
148.0,GRADE,WAIT,GRAY,NO_DATA,missing_grade,{}
148.0,GEAR,WAIT,GRAY,NO_DATA,missing_gear,{}
149.0,SPEED,0.0,AMBER,OK,below_reference,"{reference_kmh=24.0, age_s=0.0}"
149.0,POWER,0,NEUTRAL,OK,power_present,{age_s=0.0}
149.0,HR,86,NEUTRAL,OK,hr_present,{age_s=0.0}
149.0,CADENCE,0,GRAY,OK,coasting_or_stopped,{age_s=0.0}
149.0,GRADE,WAIT,GRAY,NO_DATA,missing_grade,{}
149.0,GEAR,WAIT,GRAY,NO_DATA,missing_gear,{}
150.0,SPEED,0.0,AMBER,OK,below_reference,"{reference_kmh=24.0, age_s=0.0}"
150.0,POWER,0,NEUTRAL,OK,power_present,{age_s=0.0}
150.0,HR,86,NEUTRAL,OK,hr_present,{age_s=1.0}
150.0,CADENCE,0,GRAY,OK,coasting_or_stopped,{age_s=0.0}
150.0,GRADE,WAIT,GRAY,NO_DATA,missing_grade,{}
150.0,GEAR,WAIT,GRAY,NO_DATA,missing_gear,{}
151.0,SPEED,0.0,AMBER,OK,below_reference,"{reference_kmh=24.0, age_s=0.0}"
151.0,POWER,0,NEUTRAL,OK,power_present,{age_s=0.0}
151.0,HR,88,NEUTRAL,OK,hr_present,{age_s=0.0}
151.0,CADENCE,0,GRAY,OK,coasting_or_stopped,{age_s=0.0}
151.0,GRADE,WAIT,GRAY,NO_DATA,missing_grade,{}
151.0,GEAR,WAIT,GRAY,NO_DATA,missing_gear,{}
152.0,SPEED,0.0,AMBER,OK,below_reference,"{reference_kmh=24.0, age_s=0.0}"
152.0,POWER,0,NEUTRAL,OK,power_present,{age_s=0.0}
152.0,HR,89,NEUTRAL,OK,hr_present,{age_s=0.0}
152.0,CADENCE,0,GRAY,OK,coasting_or_stopped,{age_s=0.0}
152.0,GRADE,WAIT,GRAY,NO_DATA,missing_grade,{}
152.0,GEAR,WAIT,GRAY,NO_DATA,missing_gear,{}
153.0,SPEED,0.0,AMBER,OK,below_reference,"{reference_kmh=24.0, age_s=0.0}"
153.0,POWER,0,NEUTRAL,OK,power_present,{age_s=0.0}
153.0,HR,90,NEUTRAL,OK,hr_present,{age_s=0.0}
153.0,CADENCE,0,GRAY,OK,coasting_or_stopped,{age_s=0.0}
153.0,GRADE,WAIT,GRAY,NO_DATA,missing_grade,{}
153.0,GEAR,WAIT,GRAY,NO_DATA,missing_gear,{}
154.0,SPEED,0.0,AMBER,OK,below_reference,"{reference_kmh=24.0, age_s=0.0}"
154.0,POWER,0,NEUTRAL,OK,power_present,{age_s=0.0}
154.0,HR,80,NEUTRAL,OK,hr_present,{age_s=0.0}
154.0,CADENCE,0,GRAY,OK,coasting_or_stopped,{age_s=0.0}
154.0,GRADE,WAIT,GRAY,NO_DATA,missing_grade,{}
154.0,GEAR,WAIT,GRAY,NO_DATA,missing_gear,{}
155.0,SPEED,0.0,AMBER,OK,below_reference,"{reference_kmh=24.0, age_s=0.0}"
155.0,POWER,0,NEUTRAL,OK,power_present,{age_s=0.0}
155.0,HR,81,NEUTRAL,OK,hr_present,{age_s=0.0}
155.0,CADENCE,0,GRAY,OK,coasting_or_stopped,{age_s=0.0}
155.0,GRADE,WAIT,GRAY,NO_DATA,missing_grade,{}
155.0,GEAR,WAIT,GRAY,NO_DATA,missing_gear,{}
156.0,SPEED,0.0,AMBER,OK,below_reference,"{reference_kmh=24.0, age_s=0.0}"
156.0,POWER,0,NEUTRAL,OK,power_present,{age_s=0.0}
156.0,HR,82,NEUTRAL,OK,hr_present,{age_s=0.0}
156.0,CADENCE,0,GRAY,OK,coasting_or_stopped,{age_s=0.0}
156.0,GRADE,WAIT,GRAY,NO_DATA,missing_grade,{}
156.0,GEAR,WAIT,GRAY,NO_DATA,missing_gear,{}
157.0,SPEED,0.0,AMBER,OK,below_reference,"{reference_kmh=24.0, age_s=0.0}"
157.0,POWER,0,NEUTRAL,OK,power_present,{age_s=0.0}
157.0,HR,83,NEUTRAL,OK,hr_present,{age_s=0.0}
157.0,CADENCE,0,GRAY,OK,coasting_or_stopped,{age_s=0.0}
157.0,GRADE,WAIT,GRAY,NO_DATA,missing_grade,{}
157.0,GEAR,WAIT,GRAY,NO_DATA,missing_gear,{}
158.0,SPEED,0.0,AMBER,OK,below_reference,"{reference_kmh=24.0, age_s=0.0}"
158.0,POWER,0,NEUTRAL,OK,power_present,{age_s=0.0}
158.0,HR,84,NEUTRAL,OK,hr_present,{age_s=0.0}
158.0,CADENCE,0,GRAY,OK,coasting_or_stopped,{age_s=0.0}
158.0,GRADE,WAIT,GRAY,NO_DATA,missing_grade,{}
158.0,GEAR,WAIT,GRAY,NO_DATA,missing_gear,{}
159.0,SPEED,0.0,AMBER,OK,below_reference,"{reference_kmh=24.0, age_s=0.0}"
159.0,POWER,0,NEUTRAL,OK,power_present,{age_s=0.0}
159.0,HR,85,NEUTRAL,OK,hr_present,{age_s=0.0}
159.0,CADENCE,0,GRAY,OK,coasting_or_stopped,{age_s=0.0}
159.0,GRADE,WAIT,GRAY,NO_DATA,missing_grade,{}
159.0,GEAR,WAIT,GRAY,NO_DATA,missing_gear,{}
160.0,SPEED,0.0,AMBER,OK,below_reference,"{reference_kmh=24.0, age_s=0.0}"
160.0,POWER,0,NEUTRAL,OK,power_present,{age_s=0.0}
160.0,HR,86,NEUTRAL,OK,hr_present,{age_s=0.0}
160.0,CADENCE,0,GRAY,OK,coasting_or_stopped,{age_s=0.0}
160.0,GRADE,WAIT,GRAY,NO_DATA,missing_grade,{}
160.0,GEAR,WAIT,GRAY,NO_DATA,missing_gear,{}
161.0,SPEED,0.0,AMBER,OK,below_reference,"{reference_kmh=24.0, age_s=0.0}"
161.0,POWER,0,NEUTRAL,OK,power_present,{age_s=0.0}
161.0,HR,87,NEUTRAL,OK,hr_present,{age_s=0.0}
161.0,CADENCE,0,GRAY,OK,coasting_or_stopped,{age_s=0.0}
161.0,GRADE,WAIT,GRAY,NO_DATA,missing_grade,{}
161.0,GEAR,WAIT,GRAY,NO_DATA,missing_gear,{}
162.0,SPEED,0.0,AMBER,OK,below_reference,"{reference_kmh=24.0, age_s=0.0}"
162.0,POWER,0,NEUTRAL,OK,power_present,{age_s=0.0}
162.0,HR,88,NEUTRAL,OK,hr_present,{age_s=0.0}
162.0,CADENCE,0,GRAY,OK,coasting_or_stopped,{age_s=0.0}
162.0,GRADE,WAIT,GRAY,NO_DATA,missing_grade,{}
162.0,GEAR,WAIT,GRAY,NO_DATA,missing_gear,{}
163.0,SPEED,0.0,AMBER,OK,below_reference,"{reference_kmh=24.0, age_s=0.0}"
163.0,POWER,0,NEUTRAL,OK,power_present,{age_s=0.0}
163.0,HR,89,NEUTRAL,OK,hr_present,{age_s=0.0}
163.0,CADENCE,0,GRAY,OK,coasting_or_stopped,{age_s=0.0}
163.0,GRADE,WAIT,GRAY,NO_DATA,missing_grade,{}
163.0,GEAR,WAIT,GRAY,NO_DATA,missing_gear,{}
164.0,SPEED,0.0,AMBER,OK,below_reference,"{reference_kmh=24.0, age_s=0.0}"
164.0,POWER,0,NEUTRAL,OK,power_present,{age_s=0.0}
164.0,HR,90,NEUTRAL,OK,hr_present,{age_s=0.0}
164.0,CADENCE,0,GRAY,OK,coasting_or_stopped,{age_s=0.0}
164.0,GRADE,WAIT,GRAY,NO_DATA,missing_grade,{}
164.0,GEAR,WAIT,GRAY,NO_DATA,missing_gear,{}
165.0,SPEED,0.0,AMBER,OK,below_reference,"{reference_kmh=24.0, age_s=0.0}"
165.0,POWER,0,NEUTRAL,OK,power_present,{age_s=0.0}
165.0,HR,90,NEUTRAL,OK,hr_present,{age_s=1.0}
165.0,CADENCE,0,GRAY,OK,coasting_or_stopped,{age_s=0.0}
165.0,GRADE,WAIT,GRAY,NO_DATA,missing_grade,{}
165.0,GEAR,WAIT,GRAY,NO_DATA,missing_gear,{}
166.0,SPEED,0.0,AMBER,OK,below_reference,"{reference_kmh=24.0, age_s=0.0}"
166.0,POWER,0,NEUTRAL,OK,power_present,{age_s=0.0}
166.0,HR,81,NEUTRAL,OK,hr_present,{age_s=0.0}
166.0,CADENCE,0,GRAY,OK,coasting_or_stopped,{age_s=0.0}
166.0,GRADE,WAIT,GRAY,NO_DATA,missing_grade,{}
166.0,GEAR,WAIT,GRAY,NO_DATA,missing_gear,{}
167.0,SPEED,0.0,AMBER,OK,below_reference,"{reference_kmh=24.0, age_s=0.0}"
167.0,POWER,0,NEUTRAL,OK,power_present,{age_s=0.0}
167.0,HR,82,NEUTRAL,OK,hr_present,{age_s=0.0}
167.0,CADENCE,0,GRAY,OK,coasting_or_stopped,{age_s=0.0}
167.0,GRADE,WAIT,GRAY,NO_DATA,missing_grade,{}
167.0,GEAR,WAIT,GRAY,NO_DATA,missing_gear,{}
168.0,SPEED,0.0,AMBER,OK,below_reference,"{reference_kmh=24.0, age_s=0.0}"
168.0,POWER,0,NEUTRAL,OK,power_present,{age_s=0.0}
168.0,HR,83,NEUTRAL,OK,hr_present,{age_s=0.0}
168.0,CADENCE,0,GRAY,OK,coasting_or_stopped,{age_s=0.0}
168.0,GRADE,WAIT,GRAY,NO_DATA,missing_grade,{}
168.0,GEAR,WAIT,GRAY,NO_DATA,missing_gear,{}
169.0,SPEED,0.0,AMBER,OK,below_reference,"{reference_kmh=24.0, age_s=0.0}"
169.0,POWER,0,NEUTRAL,OK,power_present,{age_s=0.0}
169.0,HR,84,NEUTRAL,OK,hr_present,{age_s=0.0}
169.0,CADENCE,0,GRAY,OK,coasting_or_stopped,{age_s=0.0}
169.0,GRADE,WAIT,GRAY,NO_DATA,missing_grade,{}
169.0,GEAR,WAIT,GRAY,NO_DATA,missing_gear,{}
170.0,SPEED,0.0,AMBER,OK,below_reference,"{reference_kmh=24.0, age_s=0.0}"
170.0,POWER,0,NEUTRAL,OK,power_present,{age_s=0.0}
170.0,HR,85,NEUTRAL,OK,hr_present,{age_s=0.0}
170.0,CADENCE,0,GRAY,OK,coasting_or_stopped,{age_s=0.0}
170.0,GRADE,WAIT,GRAY,NO_DATA,missing_grade,{}
170.0,GEAR,WAIT,GRAY,NO_DATA,missing_gear,{}
171.0,SPEED,0.0,AMBER,OK,below_reference,"{reference_kmh=24.0, age_s=0.0}"
171.0,POWER,0,NEUTRAL,OK,power_present,{age_s=0.0}
171.0,HR,86,NEUTRAL,OK,hr_present,{age_s=0.0}
171.0,CADENCE,0,GRAY,OK,coasting_or_stopped,{age_s=0.0}
171.0,GRADE,WAIT,GRAY,NO_DATA,missing_grade,{}
171.0,GEAR,WAIT,GRAY,NO_DATA,missing_gear,{}
172.0,SPEED,0.0,AMBER,OK,below_reference,"{reference_kmh=24.0, age_s=0.0}"
172.0,POWER,0,NEUTRAL,OK,power_present,{age_s=0.0}
172.0,HR,87,NEUTRAL,OK,hr_present,{age_s=0.0}
172.0,CADENCE,0,GRAY,OK,coasting_or_stopped,{age_s=0.0}
172.0,GRADE,WAIT,GRAY,NO_DATA,missing_grade,{}
172.0,GEAR,WAIT,GRAY,NO_DATA,missing_gear,{}
173.0,SPEED,0.0,AMBER,OK,below_reference,"{reference_kmh=24.0, age_s=0.0}"
173.0,POWER,0,NEUTRAL,OK,power_present,{age_s=0.0}
173.0,HR,88,NEUTRAL,OK,hr_present,{age_s=0.0}
173.0,CADENCE,0,GRAY,OK,coasting_or_stopped,{age_s=0.0}
173.0,GRADE,WAIT,GRAY,NO_DATA,missing_grade,{}
173.0,GEAR,WAIT,GRAY,NO_DATA,missing_gear,{}
174.0,SPEED,0.0,AMBER,OK,below_reference,"{reference_kmh=24.0, age_s=0.0}"
174.0,POWER,0,NEUTRAL,OK,power_present,{age_s=0.0}
174.0,HR,89,NEUTRAL,OK,hr_present,{age_s=0.0}
174.0,CADENCE,0,GRAY,OK,coasting_or_stopped,{age_s=0.0}
174.0,GRADE,WAIT,GRAY,NO_DATA,missing_grade,{}
174.0,GEAR,WAIT,GRAY,NO_DATA,missing_gear,{}
175.0,SPEED,0.0,AMBER,OK,below_reference,"{reference_kmh=24.0, age_s=0.0}"
175.0,POWER,0,NEUTRAL,OK,power_present,{age_s=0.0}
175.0,HR,90,NEUTRAL,OK,hr_present,{age_s=0.0}
175.0,CADENCE,0,GRAY,OK,coasting_or_stopped,{age_s=0.0}
175.0,GRADE,WAIT,GRAY,NO_DATA,missing_grade,{}
175.0,GEAR,WAIT,GRAY,NO_DATA,missing_gear,{}
176.0,SPEED,0.0,AMBER,OK,below_reference,"{reference_kmh=24.0, age_s=0.0}"
176.0,POWER,0,NEUTRAL,OK,power_present,{age_s=0.0}
176.0,HR,80,NEUTRAL,OK,hr_present,{age_s=0.0}
176.0,CADENCE,0,GRAY,OK,coasting_or_stopped,{age_s=0.0}
176.0,GRADE,WAIT,GRAY,NO_DATA,missing_grade,{}
176.0,GEAR,WAIT,GRAY,NO_DATA,missing_gear,{}
177.0,SPEED,0.0,AMBER,OK,below_reference,"{reference_kmh=24.0, age_s=0.0}"
177.0,POWER,0,NEUTRAL,OK,power_present,{age_s=0.0}
177.0,HR,81,NEUTRAL,OK,hr_present,{age_s=0.0}
177.0,CADENCE,0,GRAY,OK,coasting_or_stopped,{age_s=0.0}
177.0,GRADE,WAIT,GRAY,NO_DATA,missing_grade,{}
177.0,GEAR,WAIT,GRAY,NO_DATA,missing_gear,{}
178.0,SPEED,0.0,AMBER,OK,below_reference,"{reference_kmh=24.0, age_s=0.0}"
178.0,POWER,0,NEUTRAL,OK,power_present,{age_s=0.0}
178.0,HR,82,NEUTRAL,OK,hr_present,{age_s=0.0}
178.0,CADENCE,0,GRAY,OK,coasting_or_stopped,{age_s=0.0}
178.0,GRADE,WAIT,GRAY,NO_DATA,missing_grade,{}
178.0,GEAR,WAIT,GRAY,NO_DATA,missing_gear,{}
179.0,SPEED,0.0,AMBER,OK,below_reference,"{reference_kmh=24.0, age_s=0.0}"
179.0,POWER,0,NEUTRAL,OK,power_present,{age_s=0.0}
179.0,HR,83,NEUTRAL,OK,hr_present,{age_s=0.0}
179.0,CADENCE,0,GRAY,OK,coasting_or_stopped,{age_s=0.0}
179.0,GRADE,WAIT,GRAY,NO_DATA,missing_grade,{}
179.0,GEAR,WAIT,GRAY,NO_DATA,missing_gear,{}
180.0,SPEED,0.0,AMBER,OK,below_reference,"{reference_kmh=24.0, age_s=0.0}"
180.0,POWER,0,NEUTRAL,OK,power_present,{age_s=0.0}
180.0,HR,83,NEUTRAL,OK,hr_present,{age_s=1.0}
180.0,CADENCE,0,GRAY,OK,coasting_or_stopped,{age_s=0.0}
180.0,GRADE,WAIT,GRAY,NO_DATA,missing_grade,{}
180.0,GEAR,WAIT,GRAY,NO_DATA,missing_gear,{}
181.0,SPEED,0.0,AMBER,OK,below_reference,"{reference_kmh=24.0, age_s=0.0}"
181.0,POWER,0,NEUTRAL,OK,power_present,{age_s=0.0}
181.0,HR,85,NEUTRAL,OK,hr_present,{age_s=0.0}
181.0,CADENCE,0,GRAY,OK,coasting_or_stopped,{age_s=0.0}
181.0,GRADE,WAIT,GRAY,NO_DATA,missing_grade,{}
181.0,GEAR,WAIT,GRAY,NO_DATA,missing_gear,{}
182.0,SPEED,0.0,AMBER,OK,below_reference,"{reference_kmh=24.0, age_s=0.0}"
182.0,POWER,0,NEUTRAL,OK,power_present,{age_s=0.0}
182.0,HR,86,NEUTRAL,OK,hr_present,{age_s=0.0}
182.0,CADENCE,0,GRAY,OK,coasting_or_stopped,{age_s=0.0}
182.0,GRADE,WAIT,GRAY,NO_DATA,missing_grade,{}
182.0,GEAR,WAIT,GRAY,NO_DATA,missing_gear,{}
183.0,SPEED,0.0,AMBER,OK,below_reference,"{reference_kmh=24.0, age_s=0.0}"
183.0,POWER,0,NEUTRAL,OK,power_present,{age_s=0.0}
183.0,HR,87,NEUTRAL,OK,hr_present,{age_s=0.0}
183.0,CADENCE,0,GRAY,OK,coasting_or_stopped,{age_s=0.0}
183.0,GRADE,WAIT,GRAY,NO_DATA,missing_grade,{}
183.0,GEAR,WAIT,GRAY,NO_DATA,missing_gear,{}
184.0,SPEED,0.0,AMBER,OK,below_reference,"{reference_kmh=24.0, age_s=0.0}"
184.0,POWER,0,NEUTRAL,OK,power_present,{age_s=0.0}
184.0,HR,88,NEUTRAL,OK,hr_present,{age_s=0.0}
184.0,CADENCE,0,GRAY,OK,coasting_or_stopped,{age_s=0.0}
184.0,GRADE,WAIT,GRAY,NO_DATA,missing_grade,{}
184.0,GEAR,WAIT,GRAY,NO_DATA,missing_gear,{}
185.0,SPEED,0.0,AMBER,OK,below_reference,"{reference_kmh=24.0, age_s=0.0}"
185.0,POWER,0,NEUTRAL,OK,power_present,{age_s=0.0}
185.0,HR,89,NEUTRAL,OK,hr_present,{age_s=0.0}
185.0,CADENCE,0,GRAY,OK,coasting_or_stopped,{age_s=0.0}
185.0,GRADE,WAIT,GRAY,NO_DATA,missing_grade,{}
185.0,GEAR,WAIT,GRAY,NO_DATA,missing_gear,{}
186.0,SPEED,0.0,AMBER,OK,below_reference,"{reference_kmh=24.0, age_s=0.0}"
186.0,POWER,0,NEUTRAL,OK,power_present,{age_s=0.0}
186.0,HR,90,NEUTRAL,OK,hr_present,{age_s=0.0}
186.0,CADENCE,0,GRAY,OK,coasting_or_stopped,{age_s=0.0}
186.0,GRADE,WAIT,GRAY,NO_DATA,missing_grade,{}
186.0,GEAR,WAIT,GRAY,NO_DATA,missing_gear,{}
187.0,SPEED,0.0,AMBER,OK,below_reference,"{reference_kmh=24.0, age_s=0.0}"
187.0,POWER,0,NEUTRAL,OK,power_present,{age_s=0.0}
187.0,HR,80,NEUTRAL,OK,hr_present,{age_s=0.0}
187.0,CADENCE,0,GRAY,OK,coasting_or_stopped,{age_s=0.0}
187.0,GRADE,WAIT,GRAY,NO_DATA,missing_grade,{}
187.0,GEAR,WAIT,GRAY,NO_DATA,missing_gear,{}
188.0,SPEED,0.0,AMBER,OK,below_reference,"{reference_kmh=24.0, age_s=0.0}"
188.0,POWER,0,NEUTRAL,OK,power_present,{age_s=0.0}
188.0,HR,81,NEUTRAL,OK,hr_present,{age_s=0.0}
188.0,CADENCE,0,GRAY,OK,coasting_or_stopped,{age_s=0.0}
188.0,GRADE,WAIT,GRAY,NO_DATA,missing_grade,{}
188.0,GEAR,WAIT,GRAY,NO_DATA,missing_gear,{}
189.0,SPEED,0.0,AMBER,OK,below_reference,"{reference_kmh=24.0, age_s=0.0}"
189.0,POWER,0,NEUTRAL,OK,power_present,{age_s=0.0}
189.0,HR,82,NEUTRAL,OK,hr_present,{age_s=0.0}
189.0,CADENCE,0,GRAY,OK,coasting_or_stopped,{age_s=0.0}
189.0,GRADE,WAIT,GRAY,NO_DATA,missing_grade,{}
189.0,GEAR,WAIT,GRAY,NO_DATA,missing_gear,{}
190.0,SPEED,0.0,AMBER,OK,below_reference,"{reference_kmh=24.0, age_s=0.0}"
190.0,POWER,0,NEUTRAL,OK,power_present,{age_s=0.0}
190.0,HR,83,NEUTRAL,OK,hr_present,{age_s=0.0}
190.0,CADENCE,0,GRAY,OK,coasting_or_stopped,{age_s=0.0}
190.0,GRADE,WAIT,GRAY,NO_DATA,missing_grade,{}
190.0,GEAR,WAIT,GRAY,NO_DATA,missing_gear,{}
191.0,SPEED,0.0,AMBER,OK,below_reference,"{reference_kmh=24.0, age_s=0.0}"
191.0,POWER,0,NEUTRAL,OK,power_present,{age_s=0.0}
191.0,HR,84,NEUTRAL,OK,hr_present,{age_s=0.0}
191.0,CADENCE,0,GRAY,OK,coasting_or_stopped,{age_s=0.0}
191.0,GRADE,WAIT,GRAY,NO_DATA,missing_grade,{}
191.0,GEAR,WAIT,GRAY,NO_DATA,missing_gear,{}
192.0,SPEED,0.0,AMBER,OK,below_reference,"{reference_kmh=24.0, age_s=0.0}"
192.0,POWER,0,NEUTRAL,OK,power_present,{age_s=0.0}
192.0,HR,85,NEUTRAL,OK,hr_present,{age_s=0.0}
192.0,CADENCE,0,GRAY,OK,coasting_or_stopped,{age_s=0.0}
192.0,GRADE,WAIT,GRAY,NO_DATA,missing_grade,{}
192.0,GEAR,WAIT,GRAY,NO_DATA,missing_gear,{}
193.0,SPEED,0.0,AMBER,OK,below_reference,"{reference_kmh=24.0, age_s=0.0}"
193.0,POWER,0,NEUTRAL,OK,power_present,{age_s=0.0}
193.0,HR,86,NEUTRAL,OK,hr_present,{age_s=0.0}
193.0,CADENCE,0,GRAY,OK,coasting_or_stopped,{age_s=0.0}
193.0,GRADE,WAIT,GRAY,NO_DATA,missing_grade,{}
193.0,GEAR,WAIT,GRAY,NO_DATA,missing_gear,{}
194.0,SPEED,0.0,AMBER,OK,below_reference,"{reference_kmh=24.0, age_s=0.0}"
194.0,POWER,0,NEUTRAL,OK,power_present,{age_s=0.0}
194.0,HR,87,NEUTRAL,OK,hr_present,{age_s=0.0}
194.0,CADENCE,0,GRAY,OK,coasting_or_stopped,{age_s=0.0}
194.0,GRADE,WAIT,GRAY,NO_DATA,missing_grade,{}
194.0,GEAR,WAIT,GRAY,NO_DATA,missing_gear,{}
195.0,SPEED,0.0,AMBER,OK,below_reference,"{reference_kmh=24.0, age_s=0.0}"
195.0,POWER,0,NEUTRAL,OK,power_present,{age_s=0.0}
195.0,HR,87,NEUTRAL,OK,hr_present,{age_s=1.0}
195.0,CADENCE,0,GRAY,OK,coasting_or_stopped,{age_s=0.0}
195.0,GRADE,WAIT,GRAY,NO_DATA,missing_grade,{}
195.0,GEAR,WAIT,GRAY,NO_DATA,missing_gear,{}
196.0,SPEED,0.0,AMBER,OK,below_reference,"{reference_kmh=24.0, age_s=0.0}"
196.0,POWER,0,NEUTRAL,OK,power_present,{age_s=0.0}
196.0,HR,89,NEUTRAL,OK,hr_present,{age_s=0.0}
196.0,CADENCE,0,GRAY,OK,coasting_or_stopped,{age_s=0.0}
196.0,GRADE,WAIT,GRAY,NO_DATA,missing_grade,{}
196.0,GEAR,WAIT,GRAY,NO_DATA,missing_gear,{}
197.0,SPEED,0.0,AMBER,OK,below_reference,"{reference_kmh=24.0, age_s=0.0}"
197.0,POWER,0,NEUTRAL,OK,power_present,{age_s=0.0}
197.0,HR,90,NEUTRAL,OK,hr_present,{age_s=0.0}
197.0,CADENCE,0,GRAY,OK,coasting_or_stopped,{age_s=0.0}
197.0,GRADE,WAIT,GRAY,NO_DATA,missing_grade,{}
197.0,GEAR,WAIT,GRAY,NO_DATA,missing_gear,{}
198.0,SPEED,0.0,AMBER,OK,below_reference,"{reference_kmh=24.0, age_s=0.0}"
198.0,POWER,0,NEUTRAL,OK,power_present,{age_s=0.0}
198.0,HR,80,NEUTRAL,OK,hr_present,{age_s=0.0}
198.0,CADENCE,0,GRAY,OK,coasting_or_stopped,{age_s=0.0}
198.0,GRADE,WAIT,GRAY,NO_DATA,missing_grade,{}
198.0,GEAR,WAIT,GRAY,NO_DATA,missing_gear,{}
199.0,SPEED,0.0,AMBER,OK,below_reference,"{reference_kmh=24.0, age_s=0.0}"
199.0,POWER,0,NEUTRAL,OK,power_present,{age_s=0.0}
199.0,HR,81,NEUTRAL,OK,hr_present,{age_s=0.0}
199.0,CADENCE,0,GRAY,OK,coasting_or_stopped,{age_s=0.0}
199.0,GRADE,WAIT,GRAY,NO_DATA,missing_grade,{}
199.0,GEAR,WAIT,GRAY,NO_DATA,missing_gear,{}
200.0,SPEED,0.0,AMBER,OK,below_reference,"{reference_kmh=24.0, age_s=0.0}"
200.0,POWER,0,NEUTRAL,OK,power_present,{age_s=0.0}
200.0,HR,82,NEUTRAL,OK,hr_present,{age_s=0.0}
200.0,CADENCE,0,GRAY,OK,coasting_or_stopped,{age_s=0.0}
200.0,GRADE,WAIT,GRAY,NO_DATA,missing_grade,{}
200.0,GEAR,WAIT,GRAY,NO_DATA,missing_gear,{}
201.0,SPEED,0.0,AMBER,OK,below_reference,"{reference_kmh=24.0, age_s=0.0}"
201.0,POWER,0,NEUTRAL,OK,power_present,{age_s=0.0}
201.0,HR,83,NEUTRAL,OK,hr_present,{age_s=0.0}
201.0,CADENCE,0,GRAY,OK,coasting_or_stopped,{age_s=0.0}
201.0,GRADE,WAIT,GRAY,NO_DATA,missing_grade,{}
201.0,GEAR,WAIT,GRAY,NO_DATA,missing_gear,{}
202.0,SPEED,0.0,AMBER,OK,below_reference,"{reference_kmh=24.0, age_s=0.0}"
202.0,POWER,0,NEUTRAL,OK,power_present,{age_s=0.0}
202.0,HR,84,NEUTRAL,OK,hr_present,{age_s=0.0}
202.0,CADENCE,0,GRAY,OK,coasting_or_stopped,{age_s=0.0}
202.0,GRADE,WAIT,GRAY,NO_DATA,missing_grade,{}
202.0,GEAR,WAIT,GRAY,NO_DATA,missing_gear,{}
203.0,SPEED,0.0,AMBER,OK,below_reference,"{reference_kmh=24.0, age_s=0.0}"
203.0,POWER,0,NEUTRAL,OK,power_present,{age_s=0.0}
203.0,HR,85,NEUTRAL,OK,hr_present,{age_s=0.0}
203.0,CADENCE,0,GRAY,OK,coasting_or_stopped,{age_s=0.0}
203.0,GRADE,WAIT,GRAY,NO_DATA,missing_grade,{}
203.0,GEAR,WAIT,GRAY,NO_DATA,missing_gear,{}
204.0,SPEED,0.0,AMBER,OK,below_reference,"{reference_kmh=24.0, age_s=0.0}"
204.0,POWER,0,NEUTRAL,OK,power_present,{age_s=0.0}
204.0,HR,86,NEUTRAL,OK,hr_present,{age_s=0.0}
204.0,CADENCE,0,GRAY,OK,coasting_or_stopped,{age_s=0.0}
204.0,GRADE,WAIT,GRAY,NO_DATA,missing_grade,{}
204.0,GEAR,WAIT,GRAY,NO_DATA,missing_gear,{}
205.0,SPEED,0.0,AMBER,OK,below_reference,"{reference_kmh=24.0, age_s=0.0}"
205.0,POWER,0,NEUTRAL,OK,power_present,{age_s=0.0}
205.0,HR,87,NEUTRAL,OK,hr_present,{age_s=0.0}
205.0,CADENCE,0,GRAY,OK,coasting_or_stopped,{age_s=0.0}
205.0,GRADE,WAIT,GRAY,NO_DATA,missing_grade,{}
205.0,GEAR,WAIT,GRAY,NO_DATA,missing_gear,{}
206.0,SPEED,0.0,AMBER,OK,below_reference,"{reference_kmh=24.0, age_s=0.0}"
206.0,POWER,0,NEUTRAL,OK,power_present,{age_s=0.0}
206.0,HR,88,NEUTRAL,OK,hr_present,{age_s=0.0}
206.0,CADENCE,0,GRAY,OK,coasting_or_stopped,{age_s=0.0}
206.0,GRADE,WAIT,GRAY,NO_DATA,missing_grade,{}
206.0,GEAR,WAIT,GRAY,NO_DATA,missing_gear,{}
207.0,SPEED,0.0,AMBER,OK,below_reference,"{reference_kmh=24.0, age_s=0.0}"
207.0,POWER,0,NEUTRAL,OK,power_present,{age_s=0.0}
207.0,HR,89,NEUTRAL,OK,hr_present,{age_s=0.0}
207.0,CADENCE,0,GRAY,OK,coasting_or_stopped,{age_s=0.0}
207.0,GRADE,WAIT,GRAY,NO_DATA,missing_grade,{}
207.0,GEAR,WAIT,GRAY,NO_DATA,missing_gear,{}
208.0,SPEED,0.0,AMBER,OK,below_reference,"{reference_kmh=24.0, age_s=0.0}"
208.0,POWER,0,NEUTRAL,OK,power_present,{age_s=0.0}
208.0,HR,90,NEUTRAL,OK,hr_present,{age_s=0.0}
208.0,CADENCE,0,GRAY,OK,coasting_or_stopped,{age_s=0.0}
208.0,GRADE,WAIT,GRAY,NO_DATA,missing_grade,{}
208.0,GEAR,WAIT,GRAY,NO_DATA,missing_gear,{}
209.0,SPEED,0.0,AMBER,OK,below_reference,"{reference_kmh=24.0, age_s=0.0}"
209.0,POWER,0,NEUTRAL,OK,power_present,{age_s=0.0}
209.0,HR,80,NEUTRAL,OK,hr_present,{age_s=0.0}
209.0,CADENCE,0,GRAY,OK,coasting_or_stopped,{age_s=0.0}
209.0,GRADE,WAIT,GRAY,NO_DATA,missing_grade,{}
209.0,GEAR,WAIT,GRAY,NO_DATA,missing_gear,{}
210.0,SPEED,0.0,AMBER,OK,below_reference,"{reference_kmh=24.0, age_s=0.0}"
210.0,POWER,0,NEUTRAL,OK,power_present,{age_s=0.0}
210.0,HR,80,NEUTRAL,OK,hr_present,{age_s=1.0}
210.0,CADENCE,0,GRAY,OK,coasting_or_stopped,{age_s=0.0}
210.0,GRADE,WAIT,GRAY,NO_DATA,missing_grade,{}
210.0,GEAR,WAIT,GRAY,NO_DATA,missing_gear,{}
211.0,SPEED,0.0,AMBER,OK,below_reference,"{reference_kmh=24.0, age_s=0.0}"
211.0,POWER,0,NEUTRAL,OK,power_present,{age_s=0.0}
211.0,HR,82,NEUTRAL,OK,hr_present,{age_s=0.0}
211.0,CADENCE,0,GRAY,OK,coasting_or_stopped,{age_s=0.0}
211.0,GRADE,WAIT,GRAY,NO_DATA,missing_grade,{}
211.0,GEAR,WAIT,GRAY,NO_DATA,missing_gear,{}
212.0,SPEED,0.0,AMBER,OK,below_reference,"{reference_kmh=24.0, age_s=0.0}"
212.0,POWER,0,NEUTRAL,OK,power_present,{age_s=0.0}
212.0,HR,83,NEUTRAL,OK,hr_present,{age_s=0.0}
212.0,CADENCE,0,GRAY,OK,coasting_or_stopped,{age_s=0.0}
212.0,GRADE,WAIT,GRAY,NO_DATA,missing_grade,{}
212.0,GEAR,WAIT,GRAY,NO_DATA,missing_gear,{}
213.0,SPEED,0.0,AMBER,OK,below_reference,"{reference_kmh=24.0, age_s=0.0}"
213.0,POWER,0,NEUTRAL,OK,power_present,{age_s=0.0}
213.0,HR,84,NEUTRAL,OK,hr_present,{age_s=0.0}
213.0,CADENCE,0,GRAY,OK,coasting_or_stopped,{age_s=0.0}
213.0,GRADE,WAIT,GRAY,NO_DATA,missing_grade,{}
213.0,GEAR,WAIT,GRAY,NO_DATA,missing_gear,{}
214.0,SPEED,0.0,AMBER,OK,below_reference,"{reference_kmh=24.0, age_s=0.0}"
214.0,POWER,0,NEUTRAL,OK,power_present,{age_s=0.0}
214.0,HR,85,NEUTRAL,OK,hr_present,{age_s=0.0}
214.0,CADENCE,0,GRAY,OK,coasting_or_stopped,{age_s=0.0}
214.0,GRADE,WAIT,GRAY,NO_DATA,missing_grade,{}
214.0,GEAR,WAIT,GRAY,NO_DATA,missing_gear,{}
215.0,SPEED,0.0,AMBER,OK,below_reference,"{reference_kmh=24.0, age_s=0.0}"
215.0,POWER,0,NEUTRAL,OK,power_present,{age_s=0.0}
215.0,HR,86,NEUTRAL,OK,hr_present,{age_s=0.0}
215.0,CADENCE,0,GRAY,OK,coasting_or_stopped,{age_s=0.0}
215.0,GRADE,WAIT,GRAY,NO_DATA,missing_grade,{}
215.0,GEAR,WAIT,GRAY,NO_DATA,missing_gear,{}
216.0,SPEED,0.0,AMBER,OK,below_reference,"{reference_kmh=24.0, age_s=0.0}"
216.0,POWER,0,NEUTRAL,OK,power_present,{age_s=0.0}
216.0,HR,87,NEUTRAL,OK,hr_present,{age_s=0.0}
216.0,CADENCE,0,GRAY,OK,coasting_or_stopped,{age_s=0.0}
216.0,GRADE,WAIT,GRAY,NO_DATA,missing_grade,{}
216.0,GEAR,WAIT,GRAY,NO_DATA,missing_gear,{}
217.0,SPEED,0.0,AMBER,OK,below_reference,"{reference_kmh=24.0, age_s=0.0}"
217.0,POWER,0,NEUTRAL,OK,power_present,{age_s=0.0}
217.0,HR,88,NEUTRAL,OK,hr_present,{age_s=0.0}
217.0,CADENCE,0,GRAY,OK,coasting_or_stopped,{age_s=0.0}
217.0,GRADE,WAIT,GRAY,NO_DATA,missing_grade,{}
217.0,GEAR,WAIT,GRAY,NO_DATA,missing_gear,{}
218.0,SPEED,0.0,AMBER,OK,below_reference,"{reference_kmh=24.0, age_s=0.0}"
218.0,POWER,0,NEUTRAL,OK,power_present,{age_s=0.0}
218.0,HR,89,NEUTRAL,OK,hr_present,{age_s=0.0}
218.0,CADENCE,0,GRAY,OK,coasting_or_stopped,{age_s=0.0}
218.0,GRADE,WAIT,GRAY,NO_DATA,missing_grade,{}
218.0,GEAR,WAIT,GRAY,NO_DATA,missing_gear,{}
219.0,SPEED,0.0,AMBER,OK,below_reference,"{reference_kmh=24.0, age_s=0.0}"
219.0,POWER,0,NEUTRAL,OK,power_present,{age_s=0.0}
219.0,HR,90,NEUTRAL,OK,hr_present,{age_s=0.0}
219.0,CADENCE,0,GRAY,OK,coasting_or_stopped,{age_s=0.0}
219.0,GRADE,WAIT,GRAY,NO_DATA,missing_grade,{}
219.0,GEAR,WAIT,GRAY,NO_DATA,missing_gear,{}
220.0,SPEED,0.0,AMBER,OK,below_reference,"{reference_kmh=24.0, age_s=0.0}"
220.0,POWER,0,NEUTRAL,OK,power_present,{age_s=0.0}
220.0,HR,80,NEUTRAL,OK,hr_present,{age_s=0.0}
220.0,CADENCE,0,GRAY,OK,coasting_or_stopped,{age_s=0.0}
220.0,GRADE,WAIT,GRAY,NO_DATA,missing_grade,{}
220.0,GEAR,WAIT,GRAY,NO_DATA,missing_gear,{}
221.0,SPEED,0.0,AMBER,OK,below_reference,"{reference_kmh=24.0, age_s=0.0}"
221.0,POWER,0,NEUTRAL,OK,power_present,{age_s=0.0}
221.0,HR,81,NEUTRAL,OK,hr_present,{age_s=0.0}
221.0,CADENCE,0,GRAY,OK,coasting_or_stopped,{age_s=0.0}
221.0,GRADE,WAIT,GRAY,NO_DATA,missing_grade,{}
221.0,GEAR,WAIT,GRAY,NO_DATA,missing_gear,{}
222.0,SPEED,0.0,AMBER,OK,below_reference,"{reference_kmh=24.0, age_s=0.0}"
222.0,POWER,0,NEUTRAL,OK,power_present,{age_s=0.0}
222.0,HR,82,NEUTRAL,OK,hr_present,{age_s=0.0}
222.0,CADENCE,0,GRAY,OK,coasting_or_stopped,{age_s=0.0}
222.0,GRADE,WAIT,GRAY,NO_DATA,missing_grade,{}
222.0,GEAR,WAIT,GRAY,NO_DATA,missing_gear,{}
223.0,SPEED,0.0,AMBER,OK,below_reference,"{reference_kmh=24.0, age_s=0.0}"
223.0,POWER,0,NEUTRAL,OK,power_present,{age_s=0.0}
223.0,HR,83,NEUTRAL,OK,hr_present,{age_s=0.0}
223.0,CADENCE,0,GRAY,OK,coasting_or_stopped,{age_s=0.0}
223.0,GRADE,WAIT,GRAY,NO_DATA,missing_grade,{}
223.0,GEAR,WAIT,GRAY,NO_DATA,missing_gear,{}
224.0,SPEED,0.0,AMBER,OK,below_reference,"{reference_kmh=24.0, age_s=0.0}"
224.0,POWER,0,NEUTRAL,OK,power_present,{age_s=0.0}
224.0,HR,84,NEUTRAL,OK,hr_present,{age_s=0.0}
224.0,CADENCE,0,GRAY,OK,coasting_or_stopped,{age_s=0.0}
224.0,GRADE,WAIT,GRAY,NO_DATA,missing_grade,{}
224.0,GEAR,WAIT,GRAY,NO_DATA,missing_gear,{}
225.0,SPEED,0.0,AMBER,OK,below_reference,"{reference_kmh=24.0, age_s=0.0}"
225.0,POWER,0,NEUTRAL,OK,power_present,{age_s=0.0}
225.0,HR,84,NEUTRAL,OK,hr_present,{age_s=1.0}
225.0,CADENCE,0,GRAY,OK,coasting_or_stopped,{age_s=0.0}
225.0,GRADE,WAIT,GRAY,NO_DATA,missing_grade,{}
225.0,GEAR,WAIT,GRAY,NO_DATA,missing_gear,{}
226.0,SPEED,0.0,AMBER,OK,below_reference,"{reference_kmh=24.0, age_s=0.0}"
226.0,POWER,0,NEUTRAL,OK,power_present,{age_s=0.0}
226.0,HR,86,NEUTRAL,OK,hr_present,{age_s=0.0}
226.0,CADENCE,0,GRAY,OK,coasting_or_stopped,{age_s=0.0}
226.0,GRADE,WAIT,GRAY,NO_DATA,missing_grade,{}
226.0,GEAR,WAIT,GRAY,NO_DATA,missing_gear,{}
227.0,SPEED,0.0,AMBER,OK,below_reference,"{reference_kmh=24.0, age_s=0.0}"
227.0,POWER,0,NEUTRAL,OK,power_present,{age_s=0.0}
227.0,HR,87,NEUTRAL,OK,hr_present,{age_s=0.0}
227.0,CADENCE,0,GRAY,OK,coasting_or_stopped,{age_s=0.0}
227.0,GRADE,WAIT,GRAY,NO_DATA,missing_grade,{}
227.0,GEAR,WAIT,GRAY,NO_DATA,missing_gear,{}
228.0,SPEED,0.0,AMBER,OK,below_reference,"{reference_kmh=24.0, age_s=0.0}"
228.0,POWER,0,NEUTRAL,OK,power_present,{age_s=0.0}
228.0,HR,88,NEUTRAL,OK,hr_present,{age_s=0.0}
228.0,CADENCE,0,GRAY,OK,coasting_or_stopped,{age_s=0.0}
228.0,GRADE,WAIT,GRAY,NO_DATA,missing_grade,{}
228.0,GEAR,WAIT,GRAY,NO_DATA,missing_gear,{}
229.0,SPEED,0.0,AMBER,OK,below_reference,"{reference_kmh=24.0, age_s=0.0}"
229.0,POWER,0,NEUTRAL,OK,power_present,{age_s=0.0}
229.0,HR,89,NEUTRAL,OK,hr_present,{age_s=0.0}
229.0,CADENCE,0,GRAY,OK,coasting_or_stopped,{age_s=0.0}
229.0,GRADE,WAIT,GRAY,NO_DATA,missing_grade,{}
229.0,GEAR,WAIT,GRAY,NO_DATA,missing_gear,{}
230.0,SPEED,0.0,AMBER,OK,below_reference,"{reference_kmh=24.0, age_s=0.0}"
230.0,POWER,0,NEUTRAL,OK,power_present,{age_s=0.0}
230.0,HR,90,NEUTRAL,OK,hr_present,{age_s=0.0}
230.0,CADENCE,0,GRAY,OK,coasting_or_stopped,{age_s=0.0}
230.0,GRADE,WAIT,GRAY,NO_DATA,missing_grade,{}
230.0,GEAR,WAIT,GRAY,NO_DATA,missing_gear,{}
231.0,SPEED,0.0,AMBER,OK,below_reference,"{reference_kmh=24.0, age_s=0.0}"
231.0,POWER,0,NEUTRAL,OK,power_present,{age_s=0.0}
231.0,HR,80,NEUTRAL,OK,hr_present,{age_s=0.0}
231.0,CADENCE,0,GRAY,OK,coasting_or_stopped,{age_s=0.0}
231.0,GRADE,WAIT,GRAY,NO_DATA,missing_grade,{}
231.0,GEAR,WAIT,GRAY,NO_DATA,missing_gear,{}
232.0,SPEED,0.0,AMBER,OK,below_reference,"{reference_kmh=24.0, age_s=0.0}"
232.0,POWER,0,NEUTRAL,OK,power_present,{age_s=0.0}
232.0,HR,81,NEUTRAL,OK,hr_present,{age_s=0.0}
232.0,CADENCE,0,GRAY,OK,coasting_or_stopped,{age_s=0.0}
232.0,GRADE,WAIT,GRAY,NO_DATA,missing_grade,{}
232.0,GEAR,WAIT,GRAY,NO_DATA,missing_gear,{}
233.0,SPEED,0.0,AMBER,OK,below_reference,"{reference_kmh=24.0, age_s=0.0}"
233.0,POWER,0,NEUTRAL,OK,power_present,{age_s=0.0}
233.0,HR,82,NEUTRAL,OK,hr_present,{age_s=0.0}
233.0,CADENCE,0,GRAY,OK,coasting_or_stopped,{age_s=0.0}
233.0,GRADE,WAIT,GRAY,NO_DATA,missing_grade,{}
233.0,GEAR,WAIT,GRAY,NO_DATA,missing_gear,{}
234.0,SPEED,0.0,AMBER,OK,below_reference,"{reference_kmh=24.0, age_s=0.0}"
234.0,POWER,0,NEUTRAL,OK,power_present,{age_s=0.0}
234.0,HR,83,NEUTRAL,OK,hr_present,{age_s=0.0}
234.0,CADENCE,0,GRAY,OK,coasting_or_stopped,{age_s=0.0}
234.0,GRADE,WAIT,GRAY,NO_DATA,missing_grade,{}
234.0,GEAR,WAIT,GRAY,NO_DATA,missing_gear,{}
235.0,SPEED,0.0,AMBER,OK,below_reference,"{reference_kmh=24.0, age_s=0.0}"
235.0,POWER,0,NEUTRAL,OK,power_present,{age_s=0.0}
235.0,HR,84,NEUTRAL,OK,hr_present,{age_s=0.0}
235.0,CADENCE,0,GRAY,OK,coasting_or_stopped,{age_s=0.0}
235.0,GRADE,WAIT,GRAY,NO_DATA,missing_grade,{}
235.0,GEAR,WAIT,GRAY,NO_DATA,missing_gear,{}
236.0,SPEED,0.0,AMBER,OK,below_reference,"{reference_kmh=24.0, age_s=0.0}"
236.0,POWER,0,NEUTRAL,OK,power_present,{age_s=0.0}
236.0,HR,85,NEUTRAL,OK,hr_present,{age_s=0.0}
236.0,CADENCE,0,GRAY,OK,coasting_or_stopped,{age_s=0.0}
236.0,GRADE,WAIT,GRAY,NO_DATA,missing_grade,{}
236.0,GEAR,WAIT,GRAY,NO_DATA,missing_gear,{}
237.0,SPEED,0.0,AMBER,OK,below_reference,"{reference_kmh=24.0, age_s=0.0}"
237.0,POWER,0,NEUTRAL,OK,power_present,{age_s=0.0}
237.0,HR,86,NEUTRAL,OK,hr_present,{age_s=0.0}
237.0,CADENCE,0,GRAY,OK,coasting_or_stopped,{age_s=0.0}
237.0,GRADE,WAIT,GRAY,NO_DATA,missing_grade,{}
237.0,GEAR,WAIT,GRAY,NO_DATA,missing_gear,{}
238.0,SPEED,0.0,AMBER,OK,below_reference,"{reference_kmh=24.0, age_s=0.0}"
238.0,POWER,0,NEUTRAL,OK,power_present,{age_s=0.0}
238.0,HR,87,NEUTRAL,OK,hr_present,{age_s=0.0}
238.0,CADENCE,0,GRAY,OK,coasting_or_stopped,{age_s=0.0}
238.0,GRADE,WAIT,GRAY,NO_DATA,missing_grade,{}
238.0,GEAR,WAIT,GRAY,NO_DATA,missing_gear,{}
239.0,SPEED,0.0,AMBER,OK,below_reference,"{reference_kmh=24.0, age_s=0.0}"
239.0,POWER,0,NEUTRAL,OK,power_present,{age_s=0.0}
239.0,HR,88,NEUTRAL,OK,hr_present,{age_s=0.0}
239.0,CADENCE,0,GRAY,OK,coasting_or_stopped,{age_s=0.0}
239.0,GRADE,WAIT,GRAY,NO_DATA,missing_grade,{}
239.0,GEAR,WAIT,GRAY,NO_DATA,missing_gear,{}
240.0,SPEED,0.0,AMBER,OK,below_reference,"{reference_kmh=24.0, age_s=0.0}"
240.0,POWER,0,NEUTRAL,OK,power_present,{age_s=0.0}
240.0,HR,88,NEUTRAL,OK,hr_present,{age_s=1.0}
240.0,CADENCE,0,GRAY,OK,coasting_or_stopped,{age_s=0.0}
240.0,GRADE,WAIT,GRAY,NO_DATA,missing_grade,{}
240.0,GEAR,WAIT,GRAY,NO_DATA,missing_gear,{}
241.0,SPEED,0.0,AMBER,OK,below_reference,"{reference_kmh=24.0, age_s=0.0}"
241.0,POWER,0,NEUTRAL,OK,power_present,{age_s=0.0}
241.0,HR,90,NEUTRAL,OK,hr_present,{age_s=0.0}
241.0,CADENCE,0,GRAY,OK,coasting_or_stopped,{age_s=0.0}
241.0,GRADE,WAIT,GRAY,NO_DATA,missing_grade,{}
241.0,GEAR,WAIT,GRAY,NO_DATA,missing_gear,{}
242.0,SPEED,0.0,AMBER,OK,below_reference,"{reference_kmh=24.0, age_s=0.0}"
242.0,POWER,0,NEUTRAL,OK,power_present,{age_s=0.0}
242.0,HR,80,NEUTRAL,OK,hr_present,{age_s=0.0}
242.0,CADENCE,0,GRAY,OK,coasting_or_stopped,{age_s=0.0}
242.0,GRADE,WAIT,GRAY,NO_DATA,missing_grade,{}
242.0,GEAR,WAIT,GRAY,NO_DATA,missing_gear,{}
243.0,SPEED,0.0,AMBER,OK,below_reference,"{reference_kmh=24.0, age_s=0.0}"
243.0,POWER,0,NEUTRAL,OK,power_present,{age_s=0.0}
243.0,HR,81,NEUTRAL,OK,hr_present,{age_s=0.0}
243.0,CADENCE,0,GRAY,OK,coasting_or_stopped,{age_s=0.0}
243.0,GRADE,WAIT,GRAY,NO_DATA,missing_grade,{}
243.0,GEAR,WAIT,GRAY,NO_DATA,missing_gear,{}
244.0,SPEED,0.0,AMBER,OK,below_reference,"{reference_kmh=24.0, age_s=0.0}"
244.0,POWER,0,NEUTRAL,OK,power_present,{age_s=0.0}
244.0,HR,82,NEUTRAL,OK,hr_present,{age_s=0.0}
244.0,CADENCE,0,GRAY,OK,coasting_or_stopped,{age_s=0.0}
244.0,GRADE,WAIT,GRAY,NO_DATA,missing_grade,{}
244.0,GEAR,WAIT,GRAY,NO_DATA,missing_gear,{}
245.0,SPEED,0.0,AMBER,OK,below_reference,"{reference_kmh=24.0, age_s=0.0}"
245.0,POWER,0,NEUTRAL,OK,power_present,{age_s=0.0}
245.0,HR,83,NEUTRAL,OK,hr_present,{age_s=0.0}
245.0,CADENCE,0,GRAY,OK,coasting_or_stopped,{age_s=0.0}
245.0,GRADE,WAIT,GRAY,NO_DATA,missing_grade,{}
245.0,GEAR,WAIT,GRAY,NO_DATA,missing_gear,{}
246.0,SPEED,0.0,AMBER,OK,below_reference,"{reference_kmh=24.0, age_s=0.0}"
246.0,POWER,0,NEUTRAL,OK,power_present,{age_s=0.0}
246.0,HR,84,NEUTRAL,OK,hr_present,{age_s=0.0}
246.0,CADENCE,0,GRAY,OK,coasting_or_stopped,{age_s=0.0}
246.0,GRADE,WAIT,GRAY,NO_DATA,missing_grade,{}
246.0,GEAR,WAIT,GRAY,NO_DATA,missing_gear,{}
247.0,SPEED,0.0,AMBER,OK,below_reference,"{reference_kmh=24.0, age_s=0.0}"
247.0,POWER,0,NEUTRAL,OK,power_present,{age_s=0.0}
247.0,HR,85,NEUTRAL,OK,hr_present,{age_s=0.0}
247.0,CADENCE,0,GRAY,OK,coasting_or_stopped,{age_s=0.0}
247.0,GRADE,WAIT,GRAY,NO_DATA,missing_grade,{}
247.0,GEAR,WAIT,GRAY,NO_DATA,missing_gear,{}
248.0,SPEED,0.0,AMBER,OK,below_reference,"{reference_kmh=24.0, age_s=0.0}"
248.0,POWER,0,NEUTRAL,OK,power_present,{age_s=0.0}
248.0,HR,86,NEUTRAL,OK,hr_present,{age_s=0.0}
248.0,CADENCE,0,GRAY,OK,coasting_or_stopped,{age_s=0.0}
248.0,GRADE,WAIT,GRAY,NO_DATA,missing_grade,{}
248.0,GEAR,WAIT,GRAY,NO_DATA,missing_gear,{}
249.0,SPEED,0.0,AMBER,OK,below_reference,"{reference_kmh=24.0, age_s=0.0}"
249.0,POWER,0,NEUTRAL,OK,power_present,{age_s=0.0}
249.0,HR,87,NEUTRAL,OK,hr_present,{age_s=0.0}
249.0,CADENCE,0,GRAY,OK,coasting_or_stopped,{age_s=0.0}
249.0,GRADE,WAIT,GRAY,NO_DATA,missing_grade,{}
249.0,GEAR,WAIT,GRAY,NO_DATA,missing_gear,{}
250.0,SPEED,0.0,AMBER,OK,below_reference,"{reference_kmh=24.0, age_s=0.0}"
250.0,POWER,0,NEUTRAL,OK,power_present,{age_s=0.0}
250.0,HR,88,NEUTRAL,OK,hr_present,{age_s=0.0}
250.0,CADENCE,0,GRAY,OK,coasting_or_stopped,{age_s=0.0}
250.0,GRADE,WAIT,GRAY,NO_DATA,missing_grade,{}
250.0,GEAR,WAIT,GRAY,NO_DATA,missing_gear,{}
251.0,SPEED,0.0,AMBER,OK,below_reference,"{reference_kmh=24.0, age_s=0.0}"
251.0,POWER,0,NEUTRAL,OK,power_present,{age_s=0.0}
251.0,HR,89,NEUTRAL,OK,hr_present,{age_s=0.0}
251.0,CADENCE,0,GRAY,OK,coasting_or_stopped,{age_s=0.0}
251.0,GRADE,WAIT,GRAY,NO_DATA,missing_grade,{}
251.0,GEAR,WAIT,GRAY,NO_DATA,missing_gear,{}
252.0,SPEED,0.0,AMBER,OK,below_reference,"{reference_kmh=24.0, age_s=0.0}"
252.0,POWER,0,NEUTRAL,OK,power_present,{age_s=0.0}
252.0,HR,90,NEUTRAL,OK,hr_present,{age_s=0.0}
252.0,CADENCE,0,GRAY,OK,coasting_or_stopped,{age_s=0.0}
252.0,GRADE,WAIT,GRAY,NO_DATA,missing_grade,{}
252.0,GEAR,WAIT,GRAY,NO_DATA,missing_gear,{}
253.0,SPEED,0.0,AMBER,OK,below_reference,"{reference_kmh=24.0, age_s=0.0}"
253.0,POWER,0,NEUTRAL,OK,power_present,{age_s=0.0}
253.0,HR,80,NEUTRAL,OK,hr_present,{age_s=0.0}
253.0,CADENCE,0,GRAY,OK,coasting_or_stopped,{age_s=0.0}
253.0,GRADE,WAIT,GRAY,NO_DATA,missing_grade,{}
253.0,GEAR,WAIT,GRAY,NO_DATA,missing_gear,{}
254.0,SPEED,0.0,AMBER,OK,below_reference,"{reference_kmh=24.0, age_s=0.0}"
254.0,POWER,0,NEUTRAL,OK,power_present,{age_s=0.0}
254.0,HR,81,NEUTRAL,OK,hr_present,{age_s=0.0}
254.0,CADENCE,0,GRAY,OK,coasting_or_stopped,{age_s=0.0}
254.0,GRADE,WAIT,GRAY,NO_DATA,missing_grade,{}
254.0,GEAR,WAIT,GRAY,NO_DATA,missing_gear,{}
255.0,SPEED,0.0,AMBER,OK,below_reference,"{reference_kmh=24.0, age_s=0.0}"
255.0,POWER,0,NEUTRAL,OK,power_present,{age_s=0.0}
255.0,HR,81,NEUTRAL,OK,hr_present,{age_s=1.0}
255.0,CADENCE,0,GRAY,OK,coasting_or_stopped,{age_s=0.0}
255.0,GRADE,WAIT,GRAY,NO_DATA,missing_grade,{}
255.0,GEAR,WAIT,GRAY,NO_DATA,missing_gear,{}
256.0,SPEED,0.0,AMBER,OK,below_reference,"{reference_kmh=24.0, age_s=0.0}"
256.0,POWER,0,NEUTRAL,OK,power_present,{age_s=0.0}
256.0,HR,83,NEUTRAL,OK,hr_present,{age_s=0.0}
256.0,CADENCE,0,GRAY,OK,coasting_or_stopped,{age_s=0.0}
256.0,GRADE,WAIT,GRAY,NO_DATA,missing_grade,{}
256.0,GEAR,WAIT,GRAY,NO_DATA,missing_gear,{}
257.0,SPEED,0.0,AMBER,OK,below_reference,"{reference_kmh=24.0, age_s=0.0}"
257.0,POWER,0,NEUTRAL,OK,power_present,{age_s=0.0}
257.0,HR,84,NEUTRAL,OK,hr_present,{age_s=0.0}
257.0,CADENCE,0,GRAY,OK,coasting_or_stopped,{age_s=0.0}
257.0,GRADE,WAIT,GRAY,NO_DATA,missing_grade,{}
257.0,GEAR,WAIT,GRAY,NO_DATA,missing_gear,{}
258.0,SPEED,0.0,AMBER,OK,below_reference,"{reference_kmh=24.0, age_s=0.0}"
258.0,POWER,0,NEUTRAL,OK,power_present,{age_s=0.0}
258.0,HR,85,NEUTRAL,OK,hr_present,{age_s=0.0}
258.0,CADENCE,0,GRAY,OK,coasting_or_stopped,{age_s=0.0}
258.0,GRADE,WAIT,GRAY,NO_DATA,missing_grade,{}
258.0,GEAR,WAIT,GRAY,NO_DATA,missing_gear,{}
259.0,SPEED,0.0,AMBER,OK,below_reference,"{reference_kmh=24.0, age_s=0.0}"
259.0,POWER,0,NEUTRAL,OK,power_present,{age_s=0.0}
259.0,HR,86,NEUTRAL,OK,hr_present,{age_s=0.0}
259.0,CADENCE,0,GRAY,OK,coasting_or_stopped,{age_s=0.0}
259.0,GRADE,WAIT,GRAY,NO_DATA,missing_grade,{}
259.0,GEAR,WAIT,GRAY,NO_DATA,missing_gear,{}
260.0,SPEED,0.0,AMBER,OK,below_reference,"{reference_kmh=24.0, age_s=0.0}"
260.0,POWER,0,NEUTRAL,OK,power_present,{age_s=0.0}
260.0,HR,87,NEUTRAL,OK,hr_present,{age_s=0.0}
260.0,CADENCE,0,GRAY,OK,coasting_or_stopped,{age_s=0.0}
260.0,GRADE,WAIT,GRAY,NO_DATA,missing_grade,{}
260.0,GEAR,WAIT,GRAY,NO_DATA,missing_gear,{}
261.0,SPEED,0.0,AMBER,OK,below_reference,"{reference_kmh=24.0, age_s=0.0}"
261.0,POWER,0,NEUTRAL,OK,power_present,{age_s=0.0}
261.0,HR,88,NEUTRAL,OK,hr_present,{age_s=0.0}
261.0,CADENCE,0,GRAY,OK,coasting_or_stopped,{age_s=0.0}
261.0,GRADE,WAIT,GRAY,NO_DATA,missing_grade,{}
261.0,GEAR,WAIT,GRAY,NO_DATA,missing_gear,{}
262.0,SPEED,0.0,AMBER,OK,below_reference,"{reference_kmh=24.0, age_s=0.0}"
262.0,POWER,0,NEUTRAL,OK,power_present,{age_s=0.0}
262.0,HR,89,NEUTRAL,OK,hr_present,{age_s=0.0}
262.0,CADENCE,0,GRAY,OK,coasting_or_stopped,{age_s=0.0}
262.0,GRADE,WAIT,GRAY,NO_DATA,missing_grade,{}
262.0,GEAR,WAIT,GRAY,NO_DATA,missing_gear,{}
263.0,SPEED,0.0,AMBER,OK,below_reference,"{reference_kmh=24.0, age_s=0.0}"
263.0,POWER,0,NEUTRAL,OK,power_present,{age_s=0.0}
263.0,HR,90,NEUTRAL,OK,hr_present,{age_s=0.0}
263.0,CADENCE,0,GRAY,OK,coasting_or_stopped,{age_s=0.0}
263.0,GRADE,WAIT,GRAY,NO_DATA,missing_grade,{}
263.0,GEAR,WAIT,GRAY,NO_DATA,missing_gear,{}
264.0,SPEED,0.0,AMBER,OK,below_reference,"{reference_kmh=24.0, age_s=0.0}"
264.0,POWER,0,NEUTRAL,OK,power_present,{age_s=0.0}
264.0,HR,80,NEUTRAL,OK,hr_present,{age_s=0.0}
264.0,CADENCE,0,GRAY,OK,coasting_or_stopped,{age_s=0.0}
264.0,GRADE,WAIT,GRAY,NO_DATA,missing_grade,{}
264.0,GEAR,WAIT,GRAY,NO_DATA,missing_gear,{}
265.0,SPEED,0.0,AMBER,OK,below_reference,"{reference_kmh=24.0, age_s=0.0}"
265.0,POWER,0,NEUTRAL,OK,power_present,{age_s=0.0}
265.0,HR,81,NEUTRAL,OK,hr_present,{age_s=0.0}
265.0,CADENCE,0,GRAY,OK,coasting_or_stopped,{age_s=0.0}
265.0,GRADE,WAIT,GRAY,NO_DATA,missing_grade,{}
265.0,GEAR,WAIT,GRAY,NO_DATA,missing_gear,{}
266.0,SPEED,0.0,AMBER,OK,below_reference,"{reference_kmh=24.0, age_s=0.0}"
266.0,POWER,0,NEUTRAL,OK,power_present,{age_s=0.0}
266.0,HR,82,NEUTRAL,OK,hr_present,{age_s=0.0}
266.0,CADENCE,0,GRAY,OK,coasting_or_stopped,{age_s=0.0}
266.0,GRADE,WAIT,GRAY,NO_DATA,missing_grade,{}
266.0,GEAR,WAIT,GRAY,NO_DATA,missing_gear,{}
267.0,SPEED,0.0,AMBER,OK,below_reference,"{reference_kmh=24.0, age_s=0.0}"
267.0,POWER,0,NEUTRAL,OK,power_present,{age_s=0.0}
267.0,HR,83,NEUTRAL,OK,hr_present,{age_s=0.0}
267.0,CADENCE,0,GRAY,OK,coasting_or_stopped,{age_s=0.0}
267.0,GRADE,WAIT,GRAY,NO_DATA,missing_grade,{}
267.0,GEAR,WAIT,GRAY,NO_DATA,missing_gear,{}
268.0,SPEED,0.0,AMBER,OK,below_reference,"{reference_kmh=24.0, age_s=0.0}"
268.0,POWER,0,NEUTRAL,OK,power_present,{age_s=0.0}
268.0,HR,84,NEUTRAL,OK,hr_present,{age_s=0.0}
268.0,CADENCE,0,GRAY,OK,coasting_or_stopped,{age_s=0.0}
268.0,GRADE,WAIT,GRAY,NO_DATA,missing_grade,{}
268.0,GEAR,WAIT,GRAY,NO_DATA,missing_gear,{}
269.0,SPEED,0.0,AMBER,OK,below_reference,"{reference_kmh=24.0, age_s=0.0}"
269.0,POWER,0,NEUTRAL,OK,power_present,{age_s=0.0}
269.0,HR,85,NEUTRAL,OK,hr_present,{age_s=0.0}
269.0,CADENCE,0,GRAY,OK,coasting_or_stopped,{age_s=0.0}
269.0,GRADE,WAIT,GRAY,NO_DATA,missing_grade,{}
269.0,GEAR,WAIT,GRAY,NO_DATA,missing_gear,{}
270.0,SPEED,0.0,AMBER,OK,below_reference,"{reference_kmh=24.0, age_s=0.0}"
270.0,POWER,0,NEUTRAL,OK,power_present,{age_s=0.0}
270.0,HR,85,NEUTRAL,OK,hr_present,{age_s=1.0}
270.0,CADENCE,0,GRAY,OK,coasting_or_stopped,{age_s=0.0}
270.0,GRADE,WAIT,GRAY,NO_DATA,missing_grade,{}
270.0,GEAR,WAIT,GRAY,NO_DATA,missing_gear,{}
271.0,SPEED,0.0,AMBER,OK,below_reference,"{reference_kmh=24.0, age_s=0.0}"
271.0,POWER,0,NEUTRAL,OK,power_present,{age_s=0.0}
271.0,HR,87,NEUTRAL,OK,hr_present,{age_s=0.0}
271.0,CADENCE,0,GRAY,OK,coasting_or_stopped,{age_s=0.0}
271.0,GRADE,WAIT,GRAY,NO_DATA,missing_grade,{}
271.0,GEAR,WAIT,GRAY,NO_DATA,missing_gear,{}
272.0,SPEED,0.0,AMBER,OK,below_reference,"{reference_kmh=24.0, age_s=0.0}"
272.0,POWER,0,NEUTRAL,OK,power_present,{age_s=0.0}
272.0,HR,88,NEUTRAL,OK,hr_present,{age_s=0.0}
272.0,CADENCE,0,GRAY,OK,coasting_or_stopped,{age_s=0.0}
272.0,GRADE,WAIT,GRAY,NO_DATA,missing_grade,{}
272.0,GEAR,WAIT,GRAY,NO_DATA,missing_gear,{}
273.0,SPEED,0.0,AMBER,OK,below_reference,"{reference_kmh=24.0, age_s=0.0}"
273.0,POWER,0,NEUTRAL,OK,power_present,{age_s=0.0}
273.0,HR,89,NEUTRAL,OK,hr_present,{age_s=0.0}
273.0,CADENCE,0,GRAY,OK,coasting_or_stopped,{age_s=0.0}
273.0,GRADE,WAIT,GRAY,NO_DATA,missing_grade,{}
273.0,GEAR,WAIT,GRAY,NO_DATA,missing_gear,{}
274.0,SPEED,0.0,AMBER,OK,below_reference,"{reference_kmh=24.0, age_s=0.0}"
274.0,POWER,0,NEUTRAL,OK,power_present,{age_s=0.0}
274.0,HR,90,NEUTRAL,OK,hr_present,{age_s=0.0}
274.0,CADENCE,0,GRAY,OK,coasting_or_stopped,{age_s=0.0}
274.0,GRADE,WAIT,GRAY,NO_DATA,missing_grade,{}
274.0,GEAR,WAIT,GRAY,NO_DATA,missing_gear,{}
275.0,SPEED,0.0,AMBER,OK,below_reference,"{reference_kmh=24.0, age_s=0.0}"
275.0,POWER,0,NEUTRAL,OK,power_present,{age_s=0.0}
275.0,HR,80,NEUTRAL,OK,hr_present,{age_s=0.0}
275.0,CADENCE,0,GRAY,OK,coasting_or_stopped,{age_s=0.0}
275.0,GRADE,WAIT,GRAY,NO_DATA,missing_grade,{}
275.0,GEAR,WAIT,GRAY,NO_DATA,missing_gear,{}
276.0,SPEED,0.0,AMBER,OK,below_reference,"{reference_kmh=24.0, age_s=0.0}"
276.0,POWER,0,NEUTRAL,OK,power_present,{age_s=0.0}
276.0,HR,81,NEUTRAL,OK,hr_present,{age_s=0.0}
276.0,CADENCE,0,GRAY,OK,coasting_or_stopped,{age_s=0.0}
276.0,GRADE,WAIT,GRAY,NO_DATA,missing_grade,{}
276.0,GEAR,WAIT,GRAY,NO_DATA,missing_gear,{}
277.0,SPEED,0.0,AMBER,OK,below_reference,"{reference_kmh=24.0, age_s=0.0}"
277.0,POWER,0,NEUTRAL,OK,power_present,{age_s=0.0}
277.0,HR,82,NEUTRAL,OK,hr_present,{age_s=0.0}
277.0,CADENCE,0,GRAY,OK,coasting_or_stopped,{age_s=0.0}
277.0,GRADE,WAIT,GRAY,NO_DATA,missing_grade,{}
277.0,GEAR,WAIT,GRAY,NO_DATA,missing_gear,{}
278.0,SPEED,0.0,AMBER,OK,below_reference,"{reference_kmh=24.0, age_s=0.0}"
278.0,POWER,0,NEUTRAL,OK,power_present,{age_s=0.0}
278.0,HR,83,NEUTRAL,OK,hr_present,{age_s=0.0}
278.0,CADENCE,0,GRAY,OK,coasting_or_stopped,{age_s=0.0}
278.0,GRADE,WAIT,GRAY,NO_DATA,missing_grade,{}
278.0,GEAR,WAIT,GRAY,NO_DATA,missing_gear,{}
279.0,SPEED,0.0,AMBER,OK,below_reference,"{reference_kmh=24.0, age_s=0.0}"
279.0,POWER,0,NEUTRAL,OK,power_present,{age_s=0.0}
279.0,HR,84,NEUTRAL,OK,hr_present,{age_s=0.0}
279.0,CADENCE,0,GRAY,OK,coasting_or_stopped,{age_s=0.0}
279.0,GRADE,WAIT,GRAY,NO_DATA,missing_grade,{}
279.0,GEAR,WAIT,GRAY,NO_DATA,missing_gear,{}
280.0,SPEED,0.0,AMBER,OK,below_reference,"{reference_kmh=24.0, age_s=0.0}"
280.0,POWER,0,NEUTRAL,OK,power_present,{age_s=0.0}
280.0,HR,85,NEUTRAL,OK,hr_present,{age_s=0.0}
280.0,CADENCE,0,GRAY,OK,coasting_or_stopped,{age_s=0.0}
280.0,GRADE,WAIT,GRAY,NO_DATA,missing_grade,{}
280.0,GEAR,WAIT,GRAY,NO_DATA,missing_gear,{}
281.0,SPEED,0.0,AMBER,OK,below_reference,"{reference_kmh=24.0, age_s=0.0}"
281.0,POWER,0,NEUTRAL,OK,power_present,{age_s=0.0}
281.0,HR,86,NEUTRAL,OK,hr_present,{age_s=0.0}
281.0,CADENCE,0,GRAY,OK,coasting_or_stopped,{age_s=0.0}
281.0,GRADE,WAIT,GRAY,NO_DATA,missing_grade,{}
281.0,GEAR,WAIT,GRAY,NO_DATA,missing_gear,{}
282.0,SPEED,0.0,AMBER,OK,below_reference,"{reference_kmh=24.0, age_s=0.0}"
282.0,POWER,0,NEUTRAL,OK,power_present,{age_s=0.0}
282.0,HR,87,NEUTRAL,OK,hr_present,{age_s=0.0}
282.0,CADENCE,0,GRAY,OK,coasting_or_stopped,{age_s=0.0}
282.0,GRADE,WAIT,GRAY,NO_DATA,missing_grade,{}
282.0,GEAR,WAIT,GRAY,NO_DATA,missing_gear,{}
283.0,SPEED,0.0,AMBER,OK,below_reference,"{reference_kmh=24.0, age_s=0.0}"
283.0,POWER,0,NEUTRAL,OK,power_present,{age_s=0.0}
283.0,HR,88,NEUTRAL,OK,hr_present,{age_s=0.0}
283.0,CADENCE,0,GRAY,OK,coasting_or_stopped,{age_s=0.0}
283.0,GRADE,WAIT,GRAY,NO_DATA,missing_grade,{}
283.0,GEAR,WAIT,GRAY,NO_DATA,missing_gear,{}
284.0,SPEED,0.0,AMBER,OK,below_reference,"{reference_kmh=24.0, age_s=0.0}"
284.0,POWER,0,NEUTRAL,OK,power_present,{age_s=0.0}
284.0,HR,89,NEUTRAL,OK,hr_present,{age_s=0.0}
284.0,CADENCE,0,GRAY,OK,coasting_or_stopped,{age_s=0.0}
284.0,GRADE,WAIT,GRAY,NO_DATA,missing_grade,{}
284.0,GEAR,WAIT,GRAY,NO_DATA,missing_gear,{}
285.0,SPEED,0.0,AMBER,OK,below_reference,"{reference_kmh=24.0, age_s=0.0}"
285.0,POWER,0,NEUTRAL,OK,power_present,{age_s=0.0}
285.0,HR,89,NEUTRAL,OK,hr_present,{age_s=1.0}
285.0,CADENCE,0,GRAY,OK,coasting_or_stopped,{age_s=0.0}
285.0,GRADE,WAIT,GRAY,NO_DATA,missing_grade,{}
285.0,GEAR,WAIT,GRAY,NO_DATA,missing_gear,{}
286.0,SPEED,0.0,AMBER,OK,below_reference,"{reference_kmh=24.0, age_s=0.0}"
286.0,POWER,0,NEUTRAL,OK,power_present,{age_s=0.0}
286.0,HR,80,NEUTRAL,OK,hr_present,{age_s=0.0}
286.0,CADENCE,0,GRAY,OK,coasting_or_stopped,{age_s=0.0}
286.0,GRADE,WAIT,GRAY,NO_DATA,missing_grade,{}
286.0,GEAR,WAIT,GRAY,NO_DATA,missing_gear,{}
287.0,SPEED,0.0,AMBER,OK,below_reference,"{reference_kmh=24.0, age_s=0.0}"
287.0,POWER,0,NEUTRAL,OK,power_present,{age_s=0.0}
287.0,HR,81,NEUTRAL,OK,hr_present,{age_s=0.0}
287.0,CADENCE,0,GRAY,OK,coasting_or_stopped,{age_s=0.0}
287.0,GRADE,WAIT,GRAY,NO_DATA,missing_grade,{}
287.0,GEAR,WAIT,GRAY,NO_DATA,missing_gear,{}
288.0,SPEED,0.0,AMBER,OK,below_reference,"{reference_kmh=24.0, age_s=0.0}"
288.0,POWER,0,NEUTRAL,OK,power_present,{age_s=0.0}
288.0,HR,82,NEUTRAL,OK,hr_present,{age_s=0.0}
288.0,CADENCE,0,GRAY,OK,coasting_or_stopped,{age_s=0.0}
288.0,GRADE,WAIT,GRAY,NO_DATA,missing_grade,{}
288.0,GEAR,WAIT,GRAY,NO_DATA,missing_gear,{}
289.0,SPEED,0.0,AMBER,OK,below_reference,"{reference_kmh=24.0, age_s=0.0}"
289.0,POWER,0,NEUTRAL,OK,power_present,{age_s=0.0}
289.0,HR,83,NEUTRAL,OK,hr_present,{age_s=0.0}
289.0,CADENCE,0,GRAY,OK,coasting_or_stopped,{age_s=0.0}
289.0,GRADE,WAIT,GRAY,NO_DATA,missing_grade,{}
289.0,GEAR,WAIT,GRAY,NO_DATA,missing_gear,{}
290.0,SPEED,0.0,AMBER,OK,below_reference,"{reference_kmh=24.0, age_s=0.0}"
290.0,POWER,0,NEUTRAL,OK,power_present,{age_s=0.0}
290.0,HR,84,NEUTRAL,OK,hr_present,{age_s=0.0}
290.0,CADENCE,0,GRAY,OK,coasting_or_stopped,{age_s=0.0}
290.0,GRADE,WAIT,GRAY,NO_DATA,missing_grade,{}
290.0,GEAR,WAIT,GRAY,NO_DATA,missing_gear,{}
291.0,SPEED,0.0,AMBER,OK,below_reference,"{reference_kmh=24.0, age_s=0.0}"
291.0,POWER,0,NEUTRAL,OK,power_present,{age_s=0.0}
291.0,HR,85,NEUTRAL,OK,hr_present,{age_s=0.0}
291.0,CADENCE,0,GRAY,OK,coasting_or_stopped,{age_s=0.0}
291.0,GRADE,WAIT,GRAY,NO_DATA,missing_grade,{}
291.0,GEAR,WAIT,GRAY,NO_DATA,missing_gear,{}
292.0,SPEED,0.0,AMBER,OK,below_reference,"{reference_kmh=24.0, age_s=0.0}"
292.0,POWER,0,NEUTRAL,OK,power_present,{age_s=0.0}
292.0,HR,86,NEUTRAL,OK,hr_present,{age_s=0.0}
292.0,CADENCE,0,GRAY,OK,coasting_or_stopped,{age_s=0.0}
292.0,GRADE,WAIT,GRAY,NO_DATA,missing_grade,{}
292.0,GEAR,WAIT,GRAY,NO_DATA,missing_gear,{}
293.0,SPEED,0.0,AMBER,OK,below_reference,"{reference_kmh=24.0, age_s=0.0}"
293.0,POWER,0,NEUTRAL,OK,power_present,{age_s=0.0}
293.0,HR,87,NEUTRAL,OK,hr_present,{age_s=0.0}
293.0,CADENCE,0,GRAY,OK,coasting_or_stopped,{age_s=0.0}
293.0,GRADE,WAIT,GRAY,NO_DATA,missing_grade,{}
293.0,GEAR,WAIT,GRAY,NO_DATA,missing_gear,{}
294.0,SPEED,0.0,AMBER,OK,below_reference,"{reference_kmh=24.0, age_s=0.0}"
294.0,POWER,0,NEUTRAL,OK,power_present,{age_s=0.0}
294.0,HR,88,NEUTRAL,OK,hr_present,{age_s=0.0}
294.0,CADENCE,0,GRAY,OK,coasting_or_stopped,{age_s=0.0}
294.0,GRADE,WAIT,GRAY,NO_DATA,missing_grade,{}
294.0,GEAR,WAIT,GRAY,NO_DATA,missing_gear,{}
295.0,SPEED,0.0,AMBER,OK,below_reference,"{reference_kmh=24.0, age_s=0.0}"
295.0,POWER,0,NEUTRAL,OK,power_present,{age_s=0.0}
295.0,HR,89,NEUTRAL,OK,hr_present,{age_s=0.0}
295.0,CADENCE,0,GRAY,OK,coasting_or_stopped,{age_s=0.0}
295.0,GRADE,WAIT,GRAY,NO_DATA,missing_grade,{}
295.0,GEAR,WAIT,GRAY,NO_DATA,missing_gear,{}
296.0,SPEED,0.0,AMBER,OK,below_reference,"{reference_kmh=24.0, age_s=0.0}"
296.0,POWER,0,NEUTRAL,OK,power_present,{age_s=0.0}
296.0,HR,90,NEUTRAL,OK,hr_present,{age_s=0.0}
296.0,CADENCE,0,GRAY,OK,coasting_or_stopped,{age_s=0.0}
296.0,GRADE,WAIT,GRAY,NO_DATA,missing_grade,{}
296.0,GEAR,WAIT,GRAY,NO_DATA,missing_gear,{}
297.0,SPEED,0.0,AMBER,OK,below_reference,"{reference_kmh=24.0, age_s=0.0}"
297.0,POWER,0,NEUTRAL,OK,power_present,{age_s=0.0}
297.0,HR,80,NEUTRAL,OK,hr_present,{age_s=0.0}
297.0,CADENCE,0,GRAY,OK,coasting_or_stopped,{age_s=0.0}
297.0,GRADE,WAIT,GRAY,NO_DATA,missing_grade,{}
297.0,GEAR,WAIT,GRAY,NO_DATA,missing_gear,{}
298.0,SPEED,0.0,AMBER,OK,below_reference,"{reference_kmh=24.0, age_s=0.0}"
298.0,POWER,0,NEUTRAL,OK,power_present,{age_s=0.0}
298.0,HR,81,NEUTRAL,OK,hr_present,{age_s=0.0}
298.0,CADENCE,0,GRAY,OK,coasting_or_stopped,{age_s=0.0}
298.0,GRADE,WAIT,GRAY,NO_DATA,missing_grade,{}
298.0,GEAR,WAIT,GRAY,NO_DATA,missing_gear,{}
299.0,SPEED,0.0,AMBER,OK,below_reference,"{reference_kmh=24.0, age_s=0.0}"
299.0,POWER,0,NEUTRAL,OK,power_present,{age_s=0.0}
299.0,HR,82,NEUTRAL,OK,hr_present,{age_s=0.0}
299.0,CADENCE,0,GRAY,OK,coasting_or_stopped,{age_s=0.0}
299.0,GRADE,WAIT,GRAY,NO_DATA,missing_grade,{}
299.0,GEAR,WAIT,GRAY,NO_DATA,missing_gear,{}
